,College Name,State,Public_or_Private,Apps received,Apps accepted,New students,Percent from top 10%,Percent from top 25%,FT undergrads,PT undergrads,in-state tuition,out-of-state tuition,room,board,fees,book costs,personal costs,PhD Faculty,faculty/student ratio,Graduation rate
0,Alaska Pacific University,AK,2,193.0,146.0,55.0,16.0,44.0,249.0,869.0,7560.0,7560.0,1620.0,2500.0,130.0,800.0,1500.0,76.0,11.9,15.0
2,University of Alaska Southeast,AK,1,146.0,117.0,89.0,4.0,24.0,492.0,1849.0,1742.0,5226.0,2514.0,2250.0,34.0,500.0,1162.0,39.0,9.5,39.0
9,Birmingham-Southern College,AL,2,805.0,588.0,287.0,67.0,88.0,1376.0,207.0,11660.0,11660.0,2050.0,2430.0,120.0,400.0,900.0,74.0,14.0,72.0
11,Huntingdon College,AL,2,608.0,520.0,127.0,26.0,47.0,538.0,126.0,8080.0,8080.0,1380.0,2540.0,100.0,500.0,1100.0,63.0,11.4,44.0
21,Talladega College,AL,2,4414.0,1500.0,335.0,30.0,60.0,908.0,119.0,5666.0,5666.0,1424.0,1540.0,418.0,1000.0,1400.0,56.0,15.5,46.0
25,University of Alabama at Birmingham,AL,1,1797.0,1260.0,938.0,24.0,35.0,6960.0,4698.0,2220.0,4440.0,1935.0,3240.0,291.0,750.0,2200.0,96.0,6.7,33.0
31,Arkansas College (Lyon College),AR,2,708.0,334.0,166.0,46.0,74.0,530.0,182.0,8644.0,8644.0,2382.0,1540.0,120.0,500.0,800.0,79.0,12.6,54.0
37,Hendrix College,AR,2,823.0,721.0,274.0,52.0,87.0,954.0,6.0,8800.0,8800.0,1935.0,1260.0,325.0,500.0,1200.0,82.0,13.1,63.0
38,John Brown University,AR,2,605.0,405.0,284.0,24.0,53.0,961.0,99.0,6398.0,6398.0,1450.0,2222.0,148.0,400.0,1350.0,68.0,13.3,75.0
45,Harding University,AR,2,1721.0,1068.0,806.0,35.0,75.0,3128.0,213.0,5504.0,5504.0,1650.0,1878.0,1016.0,700.0,910.0,71.0,17.7,73.0
48,Northern Arizona University,AZ,1,5891.0,4931.0,1973.0,23.0,48.0,11249.0,2682.0,1828.0,6746.0,1890.0,1838.0,66.0,620.0,2342.0,78.0,21.7,41.0
49,University of Arizona,AZ,1,14079.0,12238.0,4529.0,29.0,57.0,21664.0,4894.0,1828.0,7434.0,2186.0,2030.0,66.0,620.0,2550.0,91.0,19.6,49.0
62,California Polytechnic-San Luis,CA,1,7811.0,3817.0,1650.0,47.0,73.0,12911.0,1404.0,2033.0,7380.0,2335.0,2542.0,20.0,612.0,2091.0,72.0,19.8,59.0
76,Claremont McKenna College,CA,2,1860.0,767.0,227.0,71.0,93.0,887.0,1.0,17000.0,17000.0,3160.0,2850.0,140.0,500.0,850.0,99.0,9.6,87.0
77,Harvey Mudd College,CA,2,1377.0,572.0,178.0,95.0,100.0,654.0,5.0,17230.0,17230.0,3320.0,3370.0,465.0,700.0,900.0,100.0,8.2,100.0
78,Pitzer College,CA,2,1133.0,630.0,220.0,37.0,73.0,750.0,30.0,17688.0,17688.0,3192.0,2708.0,1548.0,650.0,850.0,100.0,10.4,73.0
80,Scripps College,CA,2,855.0,632.0,139.0,60.0,83.0,569.0,7.0,17238.0,17238.0,3500.0,3850.0,112.0,600.0,800.0,95.0,8.2,73.0
89,Occidental College,CA,2,2324.0,1319.0,370.0,52.0,81.0,1686.0,35.0,16560.0,16560.0,2980.0,2160.0,334.0,558.0,1152.0,91.0,10.5,79.0
91,Fresno Pacific College,CA,2,346.0,274.0,146.0,51.0,87.0,704.0,63.0,9900.0,9900.0,1500.0,2170.0,174.0,630.0,1818.0,59.0,10.5,54.0
94,Pepperdine University,CA,2,3821.0,2037.0,680.0,86.0,96.0,2488.0,625.0,18200.0,18200.0,3750.0,3020.0,70.0,500.0,700.0,95.0,11.6,66.0
95,Southern California College,CA,2,385.0,340.0,193.0,18.0,38.0,784.0,127.0,9520.0,9520.0,1980.0,2144.0,340.0,630.0,1818.0,63.0,18.6,43.0
96,St. Mary's College of California,CA,2,2643.0,1611.0,465.0,36.0,80.0,2615.0,248.0,13332.0,13332.0,3177.0,3177.0,120.0,630.0,1584.0,88.0,16.1,78.0
107,University of San Francisco,CA,2,2306.0,1721.0,538.0,23.0,48.0,4309.0,549.0,13226.0,13226.0,3846.0,2606.0,100.0,750.0,2450.0,86.0,13.6,62.0
109,University of Southern California,CA,2,12229.0,8498.0,2477.0,45.0,71.0,13259.0,1429.0,17230.0,17230.0,3566.0,2916.0,330.0,600.0,2210.0,90.0,11.4,68.0
111,Westmont College,CA,1,950.0,713.0,351.0,42.0,72.0,1276.0,9.0,14320.0,14320.0,3080.0,2224.0,866.0,490.0,1410.0,77.0,14.9,87.0
119,Loyola Marymount University,CA,2,3768.0,2662.0,753.0,42.0,64.0,3558.0,436.0,13592.0,13592.0,3276.0,2640.0,176.0,545.0,1328.0,84.0,14.2,84.0
120,Concordia University,CA,2,688.0,497.0,144.0,30.0,75.0,641.0,101.0,10800.0,10800.0,2520.0,1920.0,690.0,570.0,1515.0,55.0,13.1,55.0
121,Adams State College,CO,1,1508.0,1259.0,569.0,16.0,44.0,1922.0,232.0,1386.0,1672.0,1820.0,1910.0,374.0,520.0,2200.0,63.0,27.9,60.0
122,Colorado College,CO,2,3207.0,1577.0,490.0,56.0,87.0,1892.0,7.0,17142.0,17142.0,2114.0,2076.0,120.0,450.0,1200.0,85.0,11.3,84.0
125,Fort Lewis College,CO,1,3440.0,2823.0,1123.0,16.0,35.0,3793.0,486.0,1450.0,6198.0,1820.0,1500.0,327.0,500.0,2500.0,89.0,19.1,46.0
126,Mesa State College,CO,1,1584.0,1456.0,891.0,6.0,18.0,3471.0,911.0,1434.0,5016.0,1782.0,2016.0,380.0,540.0,2256.0,48.0,28.8,59.0
129,University of Southern Colorado,CO,1,1401.0,1239.0,605.0,10.0,34.0,3716.0,675.0,1644.0,7100.0,1756.0,2624.0,324.0,540.0,2948.0,63.0,19.4,36.0
133,Western State College of Colorado,CO,1,2702.0,1623.0,604.0,7.0,24.0,2315.0,146.0,1819.0,5918.0,1936.0,1819.0,507.0,500.0,2050.0,76.0,19.4,52.0
138,Central Connecticut State University,CT,1,4158.0,2532.0,902.0,6.0,24.0,6394.0,3881.0,1842.0,5962.0,2384.0,2060.0,1298.0,500.0,985.0,69.0,16.7,49.0
139,Connecticut College,CT,2,3035.0,1546.0,438.0,42.0,93.0,1630.0,232.0,18740.0,18740.0,2935.0,3365.0,210.0,600.0,500.0,86.0,10.7,91.0
145,Sacred Heart University,CT,2,2307.0,1896.0,509.0,19.0,51.0,1707.0,1889.0,11070.0,11070.0,4090.0,1690.0,320.0,400.0,600.0,71.0,14.8,82.0
147,Saint Joseph College,CT,2,292.0,241.0,96.0,20.0,52.0,543.0,712.0,12200.0,12200.0,2200.0,2400.0,200.0,650.0,950.0,87.0,11.2,76.0
148,Trinity College,CT,2,3058.0,1798.0,478.0,46.0,84.0,1737.0,244.0,18810.0,18810.0,3540.0,2150.0,780.0,500.0,680.0,91.0,10.4,91.0
150,University of Bridgeport,CT,2,598.0,441.0,153.0,16.0,36.0,527.0,312.0,12500.0,12500.0,3700.0,3110.0,624.0,500.0,500.0,76.0,7.9,51.0
151,University of Hartford,CT,2,5081.0,4040.0,1194.0,11.0,26.0,3768.0,1415.0,14220.0,14220.0,2300.0,3700.0,690.0,500.0,1440.0,61.0,10.7,66.0
152,Wesleyan University,CT,2,4772.0,1973.0,712.0,60.0,86.0,2714.0,27.0,19130.0,19130.0,3290.0,2310.0,660.0,1400.0,1400.0,90.0,12.1,92.0
153,Eastern Connecticut State University,CT,1,2172.0,1493.0,564.0,14.0,50.0,2766.0,1531.0,1842.0,5962.0,2436.0,1880.0,1513.0,650.0,500.0,71.0,16.9,50.0
155,University of Connecticut at Storrs,CT,1,9735.0,7187.0,2064.0,23.0,63.0,12478.0,1660.0,3824.0,11656.0,2552.0,2520.0,888.0,700.0,2300.0,89.0,16.0,71.0
157,Catholic University of America,DC,2,1754.0,1465.0,505.0,24.0,49.0,2159.0,211.0,13712.0,13712.0,3622.0,2786.0,460.0,526.0,1100.0,90.0,9.3,75.0
159,George Washington University,DC,2,7875.0,5062.0,1492.0,38.0,71.0,5471.0,1470.0,17450.0,17450.0,3998.0,2330.0,720.0,700.0,950.0,92.0,7.6,72.0
160,Georgetown University,DC,2,11115.0,2881.0,1390.0,71.0,93.0,5881.0,406.0,18300.0,18300.0,2590.0,4541.0,156.0,670.0,1700.0,91.0,7.2,95.0
163,Trinity College,DC,2,247.0,189.0,100.0,19.0,49.0,309.0,639.0,11412.0,11412.0,2900.0,3530.0,150.0,500.0,900.0,89.0,8.3,96.0
167,University of Delaware,DE,2,14446.0,10516.0,3252.0,22.0,57.0,14130.0,4522.0,3690.0,10220.0,2280.0,1950.0,410.0,530.0,1300.0,82.0,18.3,75.0
168,Wesley College,DE,2,980.0,807.0,350.0,10.0,25.0,872.0,448.0,9890.0,9890.0,2450.0,2224.0,405.0,500.0,1350.0,52.0,14.4,84.0
171,Bethune Cookman College,FL,2,1646.0,1150.0,542.0,12.0,30.0,2128.0,82.0,5188.0,5188.0,1541.0,1855.0,427.0,650.0,2500.0,48.0,13.8,58.0
173,Florida Institute of Technology,FL,2,1947.0,1580.0,523.0,39.0,74.0,1863.0,233.0,13900.0,13900.0,1740.0,2400.0,400.0,750.0,1500.0,90.0,10.6,57.0
175,Embry Riddle Aeronautical University,FL,2,3151.0,2584.0,958.0,14.0,40.0,4772.0,856.0,7800.0,7800.0,2050.0,1700.0,80.0,570.0,3020.0,37.0,16.5,44.0
180,Florida Southern College,FL,2,1381.0,1040.0,374.0,20.0,44.0,1506.0,970.0,8025.0,8025.0,2100.0,2765.0,605.0,400.0,650.0,65.0,17.4,68.0
185,Rollins College,FL,2,1777.0,1151.0,382.0,31.0,55.0,1668.0,1052.0,16425.0,16425.0,2830.0,2390.0,470.0,955.0,750.0,81.0,13.3,90.0
187,Stetson University,FL,2,1557.0,1227.0,489.0,37.0,69.0,1964.0,81.0,12315.0,12315.0,2165.0,2400.0,555.0,600.0,1365.0,85.0,12.5,73.0
189,University of Miami,FL,2,7122.0,5386.0,1643.0,42.0,69.0,7760.0,876.0,16500.0,16500.0,3810.0,2716.0,180.0,630.0,1985.0,82.0,5.9,59.0
193,University of Central Florida,FL,1,6986.0,2959.0,1918.0,25.0,60.0,12330.0,7152.0,1716.0,6618.0,2410.0,1824.0,95.0,700.0,1600.0,80.0,22.2,46.0
207,Brewton-Parker College,GA,2,1436.0,1228.0,1202.0,10.0,26.0,1320.0,822.0,4371.0,4371.0,1320.0,1050.0,130.0,500.0,2000.0,62.0,12.6,18.0
209,Emory University,GA,2,8506.0,4168.0,1236.0,76.0,97.0,5544.0,192.0,17600.0,17600.0,3600.0,2400.0,230.0,600.0,870.0,97.0,5.0,96.0
219,Morehouse College,GA,2,3708.0,1678.0,722.0,41.0,66.0,2852.0,153.0,7050.0,7050.0,3140.0,2350.0,1420.0,250.0,600.0,71.0,17.8,83.0
227,Spelman College,GA,2,3713.0,1237.0,443.0,47.0,83.0,1971.0,107.0,7000.0,7000.0,2565.0,3000.0,1222.0,660.0,2400.0,73.0,12.5,65.0
229,University of Georgia,GA,1,11220.0,7871.0,3320.0,43.0,79.0,19553.0,2748.0,1899.0,5697.0,1770.0,1830.0,453.0,525.0,1755.0,88.0,14.7,63.0
234,Covenant College,GA,2,407.0,317.0,181.0,21.0,48.0,468.0,31.0,9700.0,9700.0,1980.0,1764.0,150.0,470.0,1120.0,73.0,19.0,56.0
235,Savannah Coll. of Art and Design,GA,2,1109.0,688.0,386.0,20.0,65.0,1897.0,208.0,8325.0,8325.0,3050.0,1950.0,450.0,1200.0,1600.0,14.0,16.1,55.0
238,University of Hawaii at Manoa,HI,1,3580.0,2603.0,1627.0,36.0,69.0,11028.0,2411.0,1460.0,4460.0,1808.0,1230.0,97.0,687.0,1281.0,85.0,11.8,54.0
243,Central College,IA,2,1283.0,1113.0,401.0,31.0,65.0,1355.0,40.0,10938.0,10938.0,1638.0,2022.0,141.0,650.0,600.0,76.0,13.5,67.0
244,Clarke College,IA,2,460.0,340.0,167.0,14.0,45.0,604.0,350.0,10740.0,10740.0,1838.0,1838.0,225.0,350.0,900.0,67.0,11.0,74.0
245,Coe College,IA,2,1006.0,742.0,275.0,29.0,60.0,1127.0,205.0,13925.0,13925.0,2400.0,1990.0,125.0,500.0,2200.0,73.0,12.7,67.0
246,Cornell College,IA,2,1538.0,1329.0,383.0,33.0,68.0,1140.0,10.0,15248.0,15248.0,1978.0,2345.0,125.0,550.0,800.0,71.0,12.2,64.0
247,Dordt College,IA,2,604.0,562.0,328.0,25.0,50.0,1048.0,56.0,9800.0,9800.0,1200.0,1450.0,60.0,450.0,2800.0,61.0,12.5,87.0
249,Graceland College,IA,2,555.0,414.0,242.0,14.0,41.0,996.0,2281.0,9100.0,9100.0,1130.0,1970.0,100.0,550.0,880.0,51.0,23.6,47.0
250,Grand View College,IA,2,535.0,511.0,233.0,11.0,36.0,1098.0,380.0,9820.0,9820.0,2000.0,1360.0,50.0,570.0,2800.0,32.0,12.6,32.0
251,Grinnell College,IA,2,2039.0,1389.0,432.0,56.0,91.0,1333.0,30.0,15688.0,15688.0,2120.0,2498.0,374.0,400.0,400.0,88.0,9.5,83.0
257,Morningside College,IA,2,586.0,533.0,239.0,16.0,36.0,950.0,228.0,10520.0,10520.0,1812.0,1866.0,181.0,500.0,1000.0,48.0,13.0,56.0
258,Mount Mercy College,IA,2,368.0,317.0,159.0,20.0,49.0,806.0,542.0,10500.0,10500.0,2115.0,1440.0,100.0,500.0,2285.0,44.0,11.3,64.0
259,Mount Saint Clare College,IA,2,325.0,284.0,95.0,16.0,33.0,364.0,88.0,9900.0,9900.0,1660.0,1990.0,80.0,500.0,1200.0,32.0,13.6,21.0
261,Simpson College,IA,2,1016.0,872.0,300.0,27.0,57.0,1116.0,602.0,11250.0,11250.0,2130.0,2850.0,155.0,550.0,1400.0,66.0,15.8,70.0
262,Saint Ambrose University,IA,2,897.0,718.0,276.0,12.0,48.0,1345.0,390.0,10450.0,10450.0,2310.0,1710.0,10.0,500.0,1500.0,56.0,14.1,70.0
263,University of Northern Iowa,IA,1,4144.0,3379.0,1853.0,18.0,52.0,10135.0,1448.0,2291.0,6197.0,1318.0,1612.0,164.0,595.0,2380.0,78.0,16.3,77.0
264,University of Dubuque,IA,2,576.0,558.0,137.0,11.0,39.0,662.0,131.0,10430.0,10430.0,1845.0,1775.0,100.0,400.0,1500.0,85.0,16.5,45.0
267,Wartburg College,IA,2,1231.0,1074.0,345.0,34.0,66.0,1295.0,105.0,11600.0,11600.0,1940.0,1670.0,120.0,400.0,850.0,66.0,12.4,67.0
268,Teikyo Westmar University,IA,2,451.0,306.0,123.0,10.0,18.0,611.0,146.0,9980.0,9980.0,2010.0,1630.0,280.0,600.0,2240.0,46.0,12.0,51.0
269,William Penn College,IA,2,326.0,294.0,140.0,10.0,33.0,630.0,107.0,10000.0,10000.0,1800.0,1310.0,290.0,495.0,800.0,35.0,13.3,40.0
271,Albertson College,ID,2,587.0,479.0,158.0,38.0,62.0,678.0,41.0,13500.0,13500.0,1025.0,2210.0,322.0,500.0,675.0,67.0,9.4,55.0
274,Northwest Nazarene College,ID,2,616.0,514.0,385.0,29.0,52.0,1115.0,60.0,9840.0,9840.0,1680.0,1140.0,339.0,450.0,822.0,59.0,14.8,58.0
276,Augustana College,IL,2,1879.0,1658.0,497.0,36.0,69.0,1950.0,38.0,13353.0,13353.0,1622.0,1622.0,93.0,540.0,821.0,78.0,12.7,71.0
286,Eureka College,IL,2,560.0,454.0,113.0,36.0,56.0,484.0,16.0,10955.0,10955.0,1915.0,1535.0,150.0,330.0,670.0,62.0,10.6,53.0
293,Illinois Wesleyan University,IL,2,3050.0,1342.0,471.0,55.0,86.0,1818.0,23.0,14360.0,14360.0,1760.0,2330.0,125.0,400.0,650.0,77.0,12.9,83.0
296,Knox College,IL,2,1040.0,845.0,286.0,48.0,77.0,967.0,24.0,15747.0,15747.0,1806.0,2256.0,186.0,400.0,800.0,88.0,12.7,79.0
297,Lake Forest College,IL,2,979.0,638.0,271.0,31.0,70.0,968.0,20.0,16880.0,16880.0,1740.0,2230.0,230.0,920.0,1320.0,91.0,10.7,77.0
301,McKendree College,IL,2,1002.0,555.0,119.0,16.0,43.0,836.0,684.0,7680.0,7680.0,1820.0,1920.0,135.0,500.0,800.0,70.0,17.7,52.0
303,Monmouth College,IL,2,601.0,503.0,204.0,28.0,57.0,671.0,11.0,13000.0,13000.0,2100.0,2000.0,200.0,400.0,460.0,91.0,11.6,56.0
311,Quincy University,IL,2,1025.0,707.0,297.0,22.0,66.0,1070.0,72.0,10100.0,10100.0,1750.0,2390.0,210.0,450.0,1080.0,69.0,16.3,80.0
316,Southern Illinois University at Edwardsville,IL,1,2540.0,2195.0,994.0,13.0,40.0,6063.0,2550.0,1824.0,5472.0,1570.0,2028.0,488.0,221.0,2216.0,76.0,16.5,43.0
318,Saint Xavier University,IL,2,785.0,647.0,295.0,15.0,65.0,1670.0,726.0,10860.0,10860.0,2666.0,1958.0,110.0,600.0,794.0,87.0,13.7,55.0
319,Trinity College,IL,2,746.0,473.0,317.0,39.0,82.0,834.0,50.0,9600.0,9600.0,2030.0,2080.0,75.0,600.0,1300.0,54.0,21.9,28.0
320,University of Chicago,IL,2,6348.0,2999.0,922.0,68.0,94.0,3340.0,39.0,18930.0,18930.0,3070.0,3310.0,486.0,500.0,1254.0,99.0,5.3,90.0
321,University of Illinois - Urbana,IL,1,14939.0,11652.0,5705.0,52.0,88.0,25422.0,911.0,2760.0,7560.0,1780.0,2794.0,920.0,500.0,1982.0,87.0,17.4,81.0
322,University of Illinois at Chicago,IL,1,8384.0,5727.0,2710.0,22.0,50.0,13518.0,2916.0,2520.0,7230.0,3198.0,1890.0,1108.0,630.0,3228.0,82.0,10.0,34.0
323,Western Illinois University,IL,1,6491.0,5027.0,1563.0,6.0,24.0,9015.0,1449.0,1902.0,5706.0,1843.0,1350.0,705.0,600.0,1993.0,77.0,17.2,55.0
325,Anderson University,IN,2,1216.0,908.0,423.0,19.0,40.0,1819.0,281.0,10100.0,10100.0,1620.0,1900.0,200.0,550.0,1100.0,48.0,12.1,59.0
328,Butler University,IN,2,2362.0,2037.0,700.0,40.0,68.0,2607.0,148.0,13130.0,13130.0,2480.0,2170.0,65.0,500.0,1600.0,77.0,10.9,83.0
329,DePauw University,IN,2,1994.0,1656.0,495.0,50.0,80.0,1983.0,36.0,14300.0,14300.0,2510.0,2510.0,200.0,550.0,950.0,78.0,11.1,82.0
330,Earlham College,IN,2,1358.0,1006.0,274.0,35.0,63.0,1028.0,13.0,15036.0,15036.0,1899.0,2157.0,273.0,600.0,600.0,90.0,10.6,78.0
331,University of Evansville,IN,2,2096.0,1626.0,694.0,35.0,67.0,2551.0,407.0,11800.0,11800.0,2520.0,1820.0,200.0,700.0,960.0,60.0,15.8,77.0
332,Franklin College,IN,2,804.0,632.0,281.0,29.0,72.0,840.0,68.0,10390.0,10390.0,1790.0,2250.0,110.0,525.0,1345.0,54.0,12.5,60.0
335,Hanover College,IN,2,1006.0,837.0,317.0,33.0,65.0,1024.0,15.0,8200.0,8200.0,1540.0,1945.0,350.0,500.0,1200.0,84.0,10.6,64.0
339,University of Southern Indiana,IN,1,2379.0,2133.0,1292.0,8.0,25.0,4283.0,2973.0,2040.0,4973.0,1660.0,1532.0,20.0,500.0,1425.0,56.0,22.0,38.0
348,Manchester College,IN,2,1004.0,802.0,239.0,23.0,63.0,909.0,51.0,10440.0,10440.0,1960.0,1890.0,350.0,525.0,1450.0,63.0,11.8,64.0
351,Oakland City College,IN,2,495.0,465.0,275.0,18.0,35.0,695.0,193.0,7620.0,7260.0,998.0,1986.0,186.0,740.0,900.0,41.0,11.5,62.0
358,Saint Mary-of-the-Woods College,IN,2,150.0,130.0,88.0,23.0,50.0,341.0,768.0,10300.0,10300.0,1590.0,2540.0,400.0,500.0,1700.0,44.0,10.2,75.0
359,Saint Mary's College,IN,2,888.0,734.0,393.0,26.0,60.0,1433.0,27.0,12730.0,12730.0,2652.0,1862.0,901.0,500.0,1525.0,74.0,9.9,98.0
361,Taylor University,IN,2,1769.0,1092.0,437.0,41.0,80.0,1757.0,81.0,10965.0,10965.0,1900.0,2100.0,210.0,450.0,1250.0,60.0,14.2,98.0
364,Valparaiso University,IN,2,2075.0,1727.0,520.0,49.0,81.0,2501.0,198.0,11800.0,11800.0,1300.0,1960.0,450.0,500.0,800.0,87.0,14.2,95.0
365,Wabash College,IN,2,800.0,623.0,256.0,41.0,76.0,801.0,5.0,12925.0,12925.0,1480.0,2715.0,250.0,500.0,635.0,78.0,9.9,72.0
367,Baker University,KS,2,602.0,483.0,206.0,21.0,47.0,958.0,466.0,8620.0,8620.0,1900.0,2200.0,310.0,400.0,2250.0,58.0,11.0,65.0
368,Bethany College,KS,2,878.0,816.0,200.0,16.0,41.0,706.0,62.0,8740.0,8740.0,1463.0,1900.0,105.0,550.0,1700.0,62.0,11.6,48.0
369,Bethel College,KS,2,202.0,184.0,122.0,19.0,42.0,537.0,101.0,8540.0,8540.0,1960.0,1620.0,200.0,500.0,1400.0,61.0,8.8,56.0
375,Kansas Wesleyan University,KS,2,589.0,575.0,148.0,16.0,40.0,474.0,258.0,8400.0,8400.0,1850.0,1400.0,120.0,500.0,1400.0,63.0,12.4,68.0
376,McPherson College,KS,2,420.0,293.0,93.0,11.0,32.0,336.0,80.0,7950.0,7950.0,1550.0,2200.0,260.0,600.0,2740.0,54.0,9.8,48.0
381,Tabor College,KS,2,257.0,183.0,109.0,19.0,41.0,396.0,38.0,7850.0,7850.0,2010.0,1400.0,200.0,400.0,1500.0,55.0,10.0,53.0
386,Benedictine College,KS,2,632.0,620.0,222.0,14.0,24.0,702.0,501.0,9550.0,9550.0,2250.0,1600.0,210.0,350.0,250.0,64.0,14.1,58.0
389,Bellarmine College,KY,2,807.0,707.0,308.0,39.0,63.0,1198.0,605.0,8840.0,8840.0,1950.0,1000.0,100.0,750.0,1290.0,74.0,13.1,84.0
394,Centre College,KY,2,1013.0,888.0,288.0,55.0,82.0,943.0,7.0,11850.0,11850.0,2120.0,2150.0,350.0,600.0,900.0,95.0,11.4,74.0
397,Georgetown College,KY,2,727.0,693.0,286.0,30.0,55.0,1063.0,48.0,8000.0,8100.0,1975.0,1975.0,50.0,550.0,550.0,73.0,13.3,55.0
399,Kentucky Wesleyan College,KY,2,584.0,497.0,175.0,20.0,49.0,662.0,121.0,8000.0,8000.0,2300.0,1850.0,200.0,500.0,1300.0,57.0,11.3,62.0
402,Murray State University,KY,1,2225.0,1910.0,1190.0,29.0,55.0,5968.0,955.0,1580.0,4738.0,1290.0,1820.0,280.0,700.0,940.0,72.0,20.2,52.0
404,Transylvania University,KY,2,759.0,729.0,244.0,57.0,81.0,867.0,51.0,10900.0,10900.0,2480.0,1970.0,450.0,500.0,1000.0,81.0,12.1,70.0
411,Centenary College of Louisiana,LA,2,495.0,434.0,210.0,35.0,55.0,775.0,44.0,8950.0,8950.0,1470.0,2020.0,306.0,600.0,1900.0,86.0,11.3,66.0
414,Grambling State University,LA,1,4847.0,3518.0,1900.0,27.0,65.0,6567.0,261.0,1044.0,1044.0,775.0,531.0,12.0,500.0,1200.0,46.0,24.6,58.0
417,Louisiana State University at Baton Rouge,LA,1,5996.0,4993.0,3079.0,29.0,57.0,16269.0,3757.0,2625.0,5925.0,1720.0,1260.0,75.0,600.0,2242.0,83.0,15.9,37.0
420,Loyola University,LA,2,1891.0,1698.0,719.0,24.0,80.0,2740.0,761.0,11100.0,11100.0,2980.0,2890.0,190.0,600.0,750.0,77.0,11.7,53.0
427,Tulane University,LA,2,7033.0,5125.0,1223.0,47.0,75.0,4941.0,1534.0,19040.0,19040.0,2690.0,3260.0,510.0,350.0,800.0,98.0,9.1,74.0
432,Amherst College,MA,2,4302.0,992.0,418.0,83.0,96.0,1593.0,5.0,19760.0,19760.0,2650.0,2650.0,272.0,660.0,1598.0,93.0,8.4,100.0
435,Merrimack College,MA,2,1981.0,1541.0,514.0,18.0,36.0,1927.0,1084.0,12500.0,12500.0,2750.0,3450.0,175.0,375.0,1000.0,73.0,16.8,80.0
437,Bentley College,MA,2,3466.0,2330.0,640.0,20.0,60.0,3095.0,1533.0,13800.0,13800.0,2730.0,2780.0,65.0,630.0,850.0,87.0,17.5,82.0
440,Boston University,MA,2,20192.0,13007.0,3810.0,45.0,80.0,14971.0,3113.0,18420.0,18420.0,3920.0,2890.0,270.0,475.0,1025.0,80.0,11.9,72.0
441,Bradford College,MA,2,443.0,330.0,151.0,5.0,36.0,453.0,42.0,14080.0,14080.0,3500.0,2750.0,260.0,500.0,900.0,57.0,10.2,46.0
442,Brandeis University,MA,2,4186.0,2743.0,740.0,48.0,77.0,2819.0,62.0,19380.0,19380.0,3500.0,3250.0,450.0,410.0,1000.0,90.0,9.8,84.0
443,Clark University,MA,2,2887.0,2059.0,457.0,30.0,61.0,1928.0,296.0,17500.0,17500.0,2000.0,2200.0,440.0,500.0,950.0,94.0,10.5,79.0
450,Gordon College,MA,2,674.0,565.0,282.0,25.0,54.0,1151.0,39.0,12200.0,12200.0,1470.0,2600.0,520.0,400.0,1200.0,73.0,14.2,66.0
451,Harvard University,MA,2,13865.0,2165.0,1606.0,90.0,100.0,6862.0,320.0,18485.0,18485.0,3370.0,3040.0,1335.0,500.0,1920.0,97.0,9.9,100.0
453,Lesley College,MA,2,244.0,198.0,82.0,12.0,33.0,1134.0,336.0,11700.0,11700.0,2100.0,3200.0,120.0,550.0,805.0,71.0,27.8,58.0
455,Massachusetts Institute of Technology,MA,2,6411.0,2140.0,1078.0,96.0,99.0,4481.0,28.0,20100.0,20100.0,3200.0,2775.0,600.0,725.0,1600.0,99.0,10.1,94.0
456,Bridgewater State College,MA,1,4915.0,3340.0,1064.0,4.0,21.0,5356.0,1502.0,1408.0,5542.0,2291.0,1700.0,2014.0,500.0,1750.0,73.0,17.1,51.0
459,North Adams State College,MA,1,1563.0,1005.0,240.0,1.0,19.0,1380.0,136.0,1408.0,5542.0,2400.0,1930.0,2147.0,500.0,1000.0,65.0,14.2,57.0
461,Westfield State College,MA,1,3100.0,2150.0,825.0,3.0,20.0,3234.0,941.0,1408.0,5542.0,2600.0,1188.0,1746.0,500.0,1300.0,75.0,15.7,65.0
462,Worcester State College,MA,1,2197.0,1515.0,543.0,4.0,26.0,3089.0,2029.0,2663.0,6797.0,2660.0,1240.0,1255.0,500.0,1200.0,60.0,21.0,40.0
463,Mount Holyoke College,MA,2,1800.0,1314.0,526.0,47.0,79.0,1891.0,40.0,19300.0,19300.0,2800.0,2900.0,735.0,750.0,750.0,79.0,9.0,84.0
466,Northeastern University,MA,2,11901.0,8492.0,2517.0,16.0,42.0,11160.0,10221.0,13380.0,13380.0,3990.0,3435.0,186.0,600.0,1750.0,73.0,12.9,46.0
476,University of Massachusetts at Amherst,MA,1,14438.0,12414.0,3816.0,12.0,39.0,16282.0,1940.0,2220.0,8566.0,1712.0,2185.0,3247.0,500.0,1400.0,88.0,16.7,68.0
478,Wellesley College,MA,2,2895.0,1249.0,579.0,80.0,96.0,2195.0,156.0,18345.0,18345.0,3055.0,2940.0,360.0,500.0,700.0,94.0,10.6,91.0
480,Wheaton College,MA,2,1738.0,1373.0,417.0,21.0,55.0,1335.0,30.0,18460.0,18460.0,2900.0,3070.0,120.0,700.0,850.0,92.0,13.2,71.0
482,Williams College,MA,2,4186.0,1245.0,526.0,81.0,96.0,1988.0,29.0,19629.0,19629.0,2855.0,2935.0,141.0,500.0,1200.0,94.0,9.0,99.0
483,Worcester Polytechnic Institute,MA,2,2768.0,2314.0,682.0,49.0,86.0,2802.0,86.0,15884.0,15884.0,2790.0,2580.0,346.0,530.0,730.0,92.0,15.2,82.0
493,Goucher College,MD,2,1151.0,813.0,248.0,40.0,64.0,850.0,80.0,15588.0,15588.0,4114.0,2060.0,100.0,500.0,1200.0,78.0,9.2,77.0
499,Salisbury State University,MD,1,4216.0,2290.0,736.0,20.0,52.0,4296.0,1027.0,2328.0,5130.0,2190.0,2500.0,766.0,600.0,1450.0,73.0,17.9,56.0
504,University of Maryland at College Park,MD,1,14292.0,10315.0,3409.0,22.0,53.0,19340.0,3991.0,2919.0,8723.0,2899.0,2247.0,561.0,550.0,1550.0,89.0,18.1,63.0
510,University of Maine at Presque Isle,ME,1,461.0,381.0,235.0,10.0,40.0,974.0,503.0,2700.0,6600.0,1904.0,1726.0,200.0,400.0,1675.0,67.0,15.2,35.0
512,Bowdoin College,ME,2,3356.0,1019.0,418.0,76.0,100.0,1490.0,8.0,19030.0,19030.0,2620.0,3265.0,325.0,1495.0,875.0,93.0,11.2,96.0
513,Colby College,ME,2,2848.0,1319.0,456.0,58.0,84.0,1720.0,35.0,18930.0,18930.0,2890.0,2700.0,900.0,500.0,1000.0,83.0,10.2,91.0
514,University of Maine at Farmington,ME,1,1208.0,803.0,438.0,20.0,48.0,1906.0,344.0,2790.0,6810.0,2124.0,1846.0,240.0,450.0,1647.0,67.0,15.9,59.0
519,Thomas College,ME,2,356.0,312.0,139.0,18.0,65.0,388.0,412.0,8850.0,8850.0,2300.0,2150.0,200.0,600.0,1000.0,29.0,21.8,75.0
521,University of Maine at Machias,ME,1,441.0,369.0,172.0,17.0,45.0,633.0,317.0,2700.0,6600.0,1830.0,1850.0,175.0,600.0,400.0,46.0,15.1,64.0
524,Adrian College,MI,2,1428.0,1097.0,336.0,22.0,50.0,1036.0,99.0,11250.0,11250.0,1590.0,2160.0,100.0,400.0,1165.0,53.0,12.9,54.0
525,Albion College,MI,2,1899.0,1720.0,489.0,37.0,68.0,1594.0,32.0,13868.0,13868.0,2426.0,2400.0,1042.0,450.0,850.0,89.0,13.7,73.0
526,Alma College,MI,2,1267.0,1080.0,385.0,44.0,73.0,1306.0,28.0,12572.0,12572.0,2226.0,2326.0,297.0,400.0,400.0,79.0,15.3,68.0
527,Andrews University,MI,2,1130.0,704.0,322.0,14.0,23.0,1586.0,326.0,9996.0,9996.0,1815.0,1275.0,135.0,900.0,1320.0,62.0,11.5,46.0
536,Hillsdale College,MI,2,920.0,745.0,347.0,35.0,66.0,1133.0,42.0,11090.0,11090.0,2600.0,2100.0,210.0,400.0,750.0,80.0,12.0,79.0
537,Hope College,MI,2,1712.0,1483.0,624.0,37.0,69.0,2505.0,208.0,12275.0,12275.0,1980.0,2361.0,84.0,465.0,1100.0,72.0,12.5,72.0
540,Madonna University,MI,2,440.0,391.0,231.0,13.0,27.0,1367.0,2662.0,5040.0,5040.0,2074.0,2078.0,40.0,395.0,1155.0,54.0,14.7,57.0
542,Michigan State University,MI,1,18114.0,15096.0,6180.0,23.0,57.0,26640.0,4120.0,4103.0,10658.0,1646.0,2088.0,524.0,504.0,600.0,93.0,14.0,71.0
543,Michigan Technological University,MI,1,2618.0,2288.0,1032.0,42.0,77.0,5524.0,414.0,3510.0,8127.0,1836.0,2142.0,126.0,900.0,1200.0,82.0,17.0,65.0
550,Spring Arbor College,MI,2,372.0,362.0,181.0,15.0,32.0,1501.0,353.0,8600.0,8600.0,1980.0,1570.0,106.0,385.0,665.0,48.0,15.4,49.0
551,University of Detroit Mercy,MI,2,927.0,731.0,415.0,24.0,50.0,2149.0,2217.0,11130.0,11130.0,1926.0,2070.0,100.0,600.0,2166.0,72.0,13.5,51.0
555,Western Michigan University,MI,1,9167.0,7191.0,2738.0,24.0,53.0,15739.0,4278.0,2785.0,6940.0,1675.0,2425.0,455.0,500.0,1700.0,80.0,24.7,55.0
557,Center for Creative Studies,MI,2,601.0,396.0,203.0,1.0,20.0,525.0,323.0,11230.0,11230.0,3843.0,2800.0,130.0,2340.0,620.0,8.0,6.8,47.0
562,Carleton College,MN,2,2694.0,1579.0,489.0,75.0,93.0,1870.0,12.0,19292.0,19292.0,1623.0,2334.0,126.0,550.0,550.0,81.0,10.4,91.0
563,College of Saint Benedict,MN,2,938.0,864.0,511.0,29.0,62.0,1715.0,103.0,12247.0,12247.0,1971.0,2250.0,88.0,500.0,600.0,70.0,13.1,72.0
564,College of Saint Catherine,MN,2,511.0,411.0,186.0,23.0,51.0,1692.0,562.0,12224.0,12224.0,2290.0,2150.0,220.0,450.0,1000.0,63.0,11.5,77.0
566,University of St. Thomas,MN,2,2057.0,1807.0,828.0,26.0,53.0,4106.0,982.0,11712.0,11712.0,1716.0,2321.0,36.0,500.0,800.0,80.0,13.8,89.0
570,Hamline University,MN,2,1006.0,825.0,328.0,34.0,73.0,1362.0,102.0,13252.0,13252.0,2026.0,2168.0,156.0,450.0,550.0,89.0,13.0,65.0
571,Macalester College,MN,2,2939.0,1496.0,452.0,56.0,86.0,1723.0,113.0,15909.0,15909.0,2480.0,2292.0,101.0,500.0,700.0,85.0,11.9,77.0
576,Saint Cloud State University,MN,1,3971.0,3306.0,1921.0,10.0,34.0,11493.0,2206.0,2270.0,4259.0,1704.0,921.0,255.0,350.0,1884.0,70.0,18.9,58.0
577,Saint John's University,MN,2,933.0,800.0,444.0,18.0,45.0,1691.0,72.0,12247.0,12247.0,2160.0,1921.0,88.0,500.0,600.0,76.0,12.0,70.0
578,Saint Mary's College of Minnesota,MN,2,876.0,802.0,367.0,14.0,35.0,1263.0,118.0,10800.0,10800.0,1700.0,1900.0,100.0,400.0,820.0,68.0,18.8,78.0
581,University of Minnesota at Morris,MN,1,1458.0,874.0,588.0,56.0,86.0,1846.0,154.0,3330.0,9843.0,1365.0,1755.0,315.0,600.0,1500.0,74.0,14.6,51.0
583,University of Minnesota Twin Cities,MN,1,11054.0,6397.0,3524.0,26.0,55.0,16502.0,21836.0,3171.0,8949.0,1498.0,2246.0,414.0,714.0,2910.0,88.0,12.2,45.0
586,Central Methodist College,MO,2,633.0,504.0,210.0,11.0,32.0,920.0,148.0,7780.0,7780.0,1820.0,1550.0,270.0,600.0,1300.0,50.0,15.1,49.0
588,Columbia College,MO,2,314.0,158.0,132.0,10.0,28.0,690.0,5346.0,8294.0,8294.0,1372.0,2328.0,45.0,400.0,900.0,87.0,15.3,37.0
590,Drury College,MO,2,700.0,650.0,314.0,33.0,66.0,1065.0,48.0,8730.0,8730.0,1824.0,1699.0,272.0,500.0,750.0,82.0,13.2,67.0
594,Lindenwood College,MO,2,810.0,484.0,356.0,6.0,33.0,2155.0,191.0,9200.0,9200.0,2400.0,2400.0,200.0,1000.0,4200.0,65.0,24.1,100.0
597,Missouri Valley College,MO,2,1310.0,983.0,316.0,5.0,35.0,1057.0,175.0,8550.0,8550.0,2525.0,2525.0,100.0,400.0,900.0,35.0,17.4,27.0
598,Missouri Western State College,MO,1,1887.0,1870.0,848.0,8.0,30.0,3615.0,1446.0,1998.0,3900.0,1307.0,1304.0,128.0,500.0,2000.0,54.0,19.0,40.0
604,Southeast Missouri State University,MO,1,2281.0,1870.0,1408.0,18.0,43.0,6553.0,1246.0,2550.0,4680.0,2120.0,1420.0,120.0,200.0,2150.0,75.0,17.1,45.0
605,Southwest Baptist University,MO,2,1093.0,1093.0,642.0,12.0,32.0,1770.0,967.0,7070.0,7070.0,1170.0,1330.0,152.0,400.0,1000.0,52.0,15.9,71.0
606,Southwest Missouri State University,MO,1,6118.0,5254.0,3204.0,15.0,37.0,13131.0,3374.0,2370.0,4740.0,880.0,1710.0,166.0,500.0,1360.0,70.0,19.9,56.0
607,Saint Louis University,MO,2,3294.0,2855.0,956.0,44.0,67.0,4576.0,1140.0,11690.0,11690.0,2300.0,2430.0,80.0,800.0,6800.0,84.0,4.6,67.0
613,Washington University,MO,2,7654.0,5259.0,1254.0,62.0,93.0,4879.0,1274.0,18350.0,18350.0,3431.0,2344.0,184.0,768.0,1512.0,91.0,3.9,90.0
614,Webster University,MO,2,665.0,462.0,226.0,17.0,44.0,1739.0,1550.0,9160.0,9160.0,2100.0,2240.0,50.0,500.0,500.0,68.0,20.6,48.0
615,Westminster College,MO,2,662.0,553.0,184.0,20.0,43.0,665.0,37.0,10720.0,10720.0,1870.0,2180.0,200.0,600.0,1650.0,66.0,12.5,62.0
616,William Jewell College,MO,2,663.0,547.0,315.0,32.0,67.0,1279.0,75.0,10060.0,10060.0,1780.0,1190.0,256.0,500.0,2600.0,74.0,11.2,59.0
617,William Woods University,MO,2,469.0,435.0,227.0,17.0,39.0,851.0,120.0,10535.0,10535.0,2250.0,2115.0,140.0,550.0,3700.0,39.0,12.9,52.0
625,Millsaps College,MS,2,905.0,834.0,319.0,32.0,61.0,1073.0,179.0,11320.0,11320.0,2454.0,2048.0,584.0,550.0,1350.0,82.0,12.7,58.0
626,Mississippi College,MS,2,594.0,385.0,307.0,36.0,57.0,1695.0,721.0,5580.0,5580.0,1260.0,1210.0,308.0,600.0,700.0,77.0,16.5,61.0
628,Mississippi State University,MS,1,4255.0,3277.0,1609.0,18.0,57.0,10094.0,1621.0,4946.0,9866.0,1684.0,1400.0,477.0,480.0,1479.0,77.0,15.9,53.0
629,Mississippi Valley State University,MS,1,2800.0,1090.0,580.0,10.0,40.0,2124.0,199.0,2164.0,4306.0,1025.0,1075.0,213.0,275.0,1200.0,43.0,18.6,56.0
632,University of Mississippi,MS,1,3844.0,3383.0,1669.0,26.0,47.0,7524.0,804.0,1996.0,4916.0,1560.0,2250.0,548.0,600.0,550.0,81.0,20.3,53.0
637,Montana State University-Billings,MT,1,931.0,912.0,596.0,7.0,23.0,2482.0,868.0,2142.0,5866.0,1900.0,1400.0,60.0,600.0,2000.0,70.0,18.5,40.0
641,Rocky Mountain College,MT,2,560.0,392.0,270.0,11.0,31.0,743.0,118.0,8734.0,8734.0,1966.0,1396.0,85.0,600.0,625.0,56.0,11.3,68.0
645,Appalachian State University,NC,1,7313.0,4664.0,1910.0,20.0,63.0,9940.0,1035.0,740.0,6806.0,1420.0,1120.0,718.0,96.0,2000.0,83.0,18.3,70.0
646,University of North Carolina at Asheville,NC,1,1757.0,979.0,394.0,32.0,74.0,2033.0,1078.0,608.0,5972.0,1670.0,1750.0,800.0,600.0,750.0,77.0,13.0,37.0
650,Bennett College,NC,2,774.0,542.0,193.0,17.0,38.0,650.0,14.0,5600.0,5600.0,1630.0,1465.0,1030.0,750.0,2000.0,63.0,12.1,44.0
653,Davidson College,NC,2,2373.0,956.0,452.0,77.0,96.0,1601.0,6.0,17295.0,17295.0,2650.0,2420.0,169.0,600.0,1011.0,95.0,12.0,94.0
654,Duke University,NC,2,13789.0,3893.0,1583.0,90.0,98.0,6188.0,53.0,18590.0,18590.0,2996.0,2954.0,480.0,625.0,1162.0,95.0,5.0,97.0
655,East Carolina University,NC,1,9274.0,6362.0,2435.0,14.0,44.0,13171.0,1687.0,764.0,7248.0,1590.0,1650.0,793.0,500.0,1700.0,74.0,13.2,58.0
657,Elon College,NC,2,3624.0,2786.0,858.0,11.0,39.0,2933.0,334.0,9100.0,9100.0,1782.0,2101.0,150.0,490.0,1777.0,70.0,18.9,63.0
658,Fayetteville State University,NC,1,1455.0,1064.0,452.0,1.0,16.0,2632.0,617.0,740.0,6806.0,1150.0,1400.0,636.0,350.0,766.0,75.0,15.1,24.0
659,Gardner Webb University,NC,2,1110.0,930.0,332.0,18.0,36.0,1603.0,374.0,8180.0,8180.0,2230.0,2040.0,950.0,500.0,500.0,65.0,15.2,29.0
661,Guilford College,NC,2,1202.0,1054.0,326.0,18.0,44.0,1410.0,299.0,13404.0,13404.0,2456.0,2704.0,210.0,450.0,1050.0,78.0,15.6,65.0
665,Lenoir-Rhyne College,NC,2,979.0,743.0,259.0,25.0,46.0,1188.0,166.0,10100.0,10100.0,1740.0,2260.0,510.0,400.0,1000.0,88.0,12.0,66.0
666,Livingstone College,NC,2,900.0,473.0,217.0,22.0,47.0,621.0,11.0,4400.0,4400.0,2000.0,1400.0,800.0,800.0,900.0,53.0,10.4,92.0
669,Methodist College,NC,2,750.0,633.0,296.0,27.0,51.0,926.0,367.0,8850.0,8850.0,2100.0,1450.0,158.0,500.0,2600.0,73.0,11.4,56.0
672,North Carolina Wesleyan College,NC,2,812.0,689.0,195.0,7.0,24.0,646.0,84.0,8242.0,8242.0,1900.0,2330.0,500.0,600.0,1295.0,77.0,12.7,52.0
673,Pembroke State University,NC,1,944.0,774.0,440.0,14.0,34.0,2174.0,529.0,628.0,6360.0,1410.0,1350.0,514.0,550.0,1498.0,77.0,15.0,48.0
675,Queens College,NC,2,516.0,392.0,154.0,32.0,62.0,630.0,549.0,11020.0,11020.0,2160.0,2810.0,50.0,610.0,1900.0,73.0,14.0,58.0
676,Salem College,NC,2,335.0,284.0,132.0,28.0,69.0,534.0,216.0,10475.0,10475.0,3275.0,3025.0,176.0,500.0,2000.0,68.0,11.2,60.0
680,North Carolina State University at Raleigh,NC,1,10634.0,7064.0,3176.0,39.0,78.0,16505.0,5481.0,874.0,8400.0,1640.0,1900.0,710.0,600.0,1300.0,92.0,17.5,62.0
681,University of North Carolina at Chapel Hill,NC,1,14596.0,5985.0,3331.0,75.0,92.0,14609.0,1100.0,874.0,8400.0,2040.0,2160.0,606.0,550.0,1200.0,88.0,8.9,83.0
683,University of North Carolina at Greensboro,NC,1,5191.0,4134.0,1500.0,15.0,44.0,7532.0,1847.0,931.0,8677.0,1715.0,1790.0,958.0,600.0,1300.0,75.0,15.5,53.0
686,Western Carolina University,NC,1,3224.0,2519.0,1057.0,11.0,31.0,5000.0,706.0,718.0,6390.0,1142.0,1238.0,647.0,110.0,1622.0,67.0,14.6,55.0
687,University of North Carolina at Wilmington,NC,1,6071.0,3856.0,1449.0,15.0,67.0,6635.0,1145.0,1492.0,7558.0,2100.0,1580.0,752.0,500.0,1500.0,82.0,19.1,55.0
688,Wingate College,NC,2,1239.0,1017.0,383.0,10.0,34.0,1207.0,157.0,7820.0,7820.0,1750.0,1650.0,300.0,550.0,1550.0,69.0,13.9,91.0
690,Dickinson State University,ND,1,434.0,412.0,319.0,10.0,30.0,1376.0,237.0,1681.0,4486.0,846.0,1300.0,176.0,600.0,2000.0,50.0,16.5,46.0
692,University of Mary,ND,2,659.0,601.0,342.0,12.0,34.0,1476.0,282.0,6490.0,6490.0,1345.0,1510.0,75.0,500.0,1800.0,26.0,18.0,48.0
695,University of North Dakota,ND,1,2777.0,2249.0,1652.0,20.0,54.0,8334.0,1435.0,2110.0,5634.0,1033.0,1670.0,318.0,450.0,1200.0,97.0,15.9,49.0
696,Valley City State University,ND,1,368.0,344.0,212.0,5.0,27.0,863.0,189.0,1606.0,4286.0,1820.0,750.0,245.0,600.0,2000.0,39.0,14.9,40.0
697,North Dakota State University,ND,1,2968.0,2297.0,1610.0,13.0,47.0,7368.0,1128.0,2310.0,5834.0,1020.0,1724.0,198.0,600.0,2000.0,79.0,17.0,42.0
701,Creighton University,NE,2,2967.0,2836.0,876.0,30.0,60.0,3450.0,644.0,10628.0,10628.0,2416.0,1956.0,336.0,650.0,2055.0,85.0,6.5,85.0
702,Dana College,NE,2,504.0,482.0,185.0,10.0,36.0,550.0,84.0,9130.0,9130.0,1950.0,1372.0,465.0,450.0,1450.0,46.0,12.6,54.0
703,Doane College,NE,2,793.0,709.0,244.0,20.0,47.0,1022.0,411.0,9570.0,9570.0,1020.0,1980.0,250.0,400.0,1000.0,67.0,15.1,60.0
704,Hastings College,NE,2,817.0,708.0,262.0,22.0,52.0,935.0,37.0,9376.0,9376.0,1338.0,1934.0,396.0,500.0,1902.0,57.0,13.0,52.0
709,Peru State College,NE,1,701.0,501.0,458.0,10.0,40.0,959.0,457.0,1432.0,2580.0,1354.0,1270.0,254.0,500.0,900.0,48.0,20.1,44.0
711,University of Nebraska at Lincoln,NE,1,6277.0,6003.0,3526.0,33.0,63.0,16454.0,3171.0,2055.0,5595.0,1375.0,1770.0,360.0,500.0,2070.0,86.0,15.1,53.0
712,Wayne State College,NE,1,1373.0,1373.0,724.0,6.0,21.0,2754.0,474.0,1500.0,2700.0,1230.0,1430.0,264.0,540.0,1660.0,60.0,20.3,52.0
715,Dartmouth College,NH,2,8587.0,2273.0,1087.0,87.0,99.0,3918.0,32.0,19545.0,19545.0,3255.0,2815.0,105.0,550.0,1100.0,95.0,4.7,98.0
716,Franklin Pierce College,NH,2,5187.0,4471.0,446.0,3.0,14.0,1818.0,1197.0,13320.0,13320.0,2500.0,2130.0,310.0,500.0,800.0,50.0,17.6,51.0
719,Notre Dame College,NH,2,379.0,324.0,107.0,15.0,37.0,500.0,311.0,9990.0,9990.0,2650.0,2250.0,280.0,400.0,600.0,44.0,12.1,33.0
722,University of New Hampshire,NH,1,9750.0,7640.0,2529.0,24.0,62.0,10358.0,1338.0,3550.0,11180.0,1648.0,2214.0,830.0,650.0,2450.0,89.0,17.5,75.0
723,Keene State College,NH,1,3121.0,2446.0,822.0,5.0,19.0,3480.0,776.0,2590.0,7870.0,2727.0,1438.0,756.0,500.0,1150.0,73.0,16.1,61.0
725,Daniel Webster College,NH,2,585.0,508.0,153.0,12.0,30.0,460.0,536.0,12292.0,12292.0,2370.0,2564.0,120.0,500.0,500.0,61.0,22.2,72.0
731,Drew University,NJ,2,2153.0,1580.0,321.0,56.0,84.0,1192.0,87.0,18432.0,18432.0,3224.0,2342.0,510.0,520.0,660.0,93.0,10.2,83.0
732,Georgian Court College,NJ,2,348.0,281.0,127.0,12.0,52.0,1095.0,785.0,9150.0,9150.0,1750.0,2200.0,130.0,500.0,800.0,56.0,12.2,76.0
735,Jersey City State College,NJ,1,2957.0,1423.0,691.0,10.0,30.0,3817.0,1394.0,2798.0,3946.0,2000.0,2800.0,646.0,400.0,1500.0,63.0,14.9,26.0
736,Monmouth College,NJ,2,2707.0,1881.0,478.0,14.0,34.0,1893.0,847.0,12480.0,12480.0,2700.0,2590.0,490.0,530.0,1740.0,70.0,14.2,54.0
737,Montclair State University,NJ,1,5220.0,2128.0,865.0,19.0,53.0,6411.0,3186.0,2400.0,3648.0,3160.0,1674.0,600.0,700.0,950.0,82.0,21.5,58.0
738,New Jersey Institute of Technology,NJ,1,1879.0,1216.0,483.0,27.0,62.0,3311.0,1646.0,4188.0,8832.0,3764.0,1612.0,792.0,700.0,1850.0,92.0,13.5,72.0
741,Princeton University,NJ,2,13218.0,2042.0,1153.0,90.0,98.0,4540.0,146.0,19900.0,19900.0,2696.0,3214.0,400.0,675.0,1575.0,91.0,8.4,99.0
743,Rutgers State University at Newark,NJ,1,5785.0,2690.0,499.0,26.0,62.0,4005.0,1886.0,3640.0,7410.0,2780.0,1968.0,978.0,690.0,2009.0,90.0,17.4,58.0
744,Seton Hall University,NJ,2,4576.0,3565.0,1000.0,16.0,36.0,4384.0,1530.0,12000.0,12000.0,4358.0,2126.0,550.0,650.0,1000.0,81.0,14.4,64.0
745,Saint Peter's College,NJ,2,1606.0,1413.0,530.0,23.0,38.0,1921.0,1154.0,9408.0,9408.0,2820.0,2700.0,295.0,500.0,450.0,78.0,12.1,53.0
749,Rutgers State University at Camden,NJ,1,3366.0,1752.0,232.0,27.0,79.0,2585.0,1300.0,3641.0,7411.0,2780.0,1968.0,849.0,690.0,2009.0,90.0,18.6,57.0
750,Rutgers at New Brunswick,NJ,1,48094.0,26330.0,4520.0,36.0,79.0,21401.0,3712.0,3640.0,7410.0,2780.0,1986.0,1003.0,690.0,2009.0,90.0,19.5,77.0
753,Stockton College of New Jersey,NJ,1,4019.0,1579.0,710.0,23.0,65.0,4365.0,765.0,2288.0,3040.0,2775.0,1576.0,704.0,711.0,1125.0,78.0,19.5,64.0
755,College of Santa Fe,NM,2,546.0,447.0,189.0,16.0,42.0,873.0,683.0,11138.0,11138.0,1978.0,2160.0,330.0,600.0,1200.0,40.0,14.0,80.0
756,College of the Southwest,NM,2,77.0,61.0,27.0,7.0,38.0,352.0,147.0,3120.0,3120.0,1358.0,2024.0,125.0,400.0,500.0,24.0,14.3,20.0
768,Alfred University,NY,2,1732.0,1425.0,472.0,37.0,75.0,1830.0,110.0,16548.0,16548.0,2808.0,2598.0,424.0,500.0,600.0,82.0,11.3,73.0
770,Canisius College,NY,2,2853.0,2193.0,753.0,16.0,34.0,2978.0,434.0,10750.0,10750.0,2750.0,2590.0,326.0,400.0,1130.0,90.0,14.6,64.0
771,Cazenovia College,NY,2,3847.0,3433.0,527.0,9.0,35.0,1010.0,12.0,9384.0,9384.0,2420.0,2420.0,395.0,600.0,500.0,22.0,14.3,118.0
776,Clarkson University,NY,2,2174.0,1953.0,557.0,35.0,68.0,2332.0,53.0,15960.0,15960.0,2622.0,2958.0,323.0,700.0,1300.0,95.0,15.8,77.0
777,Colgate University,NY,2,4856.0,2492.0,727.0,46.0,75.0,2649.0,25.0,19510.0,19510.0,2690.0,2875.0,145.0,500.0,750.0,95.0,10.5,93.0
781,Columbia University,NY,2,6756.0,1930.0,871.0,78.0,96.0,3376.0,55.0,18624.0,18624.0,3740.0,2924.0,486.0,550.0,300.0,97.0,5.9,99.0
782,Barnard College,NY,2,2496.0,1402.0,531.0,53.0,95.0,2121.0,69.0,17926.0,17926.0,4786.0,3338.0,720.0,600.0,850.0,83.0,10.3,91.0
788,Elmira College,NY,2,1457.0,1045.0,345.0,27.0,50.0,1109.0,502.0,14990.0,14990.0,2860.0,2180.0,300.0,450.0,550.0,77.0,21.5,64.0
791,Hartwick College,NY,2,2083.0,1725.0,430.0,22.0,49.0,1464.0,67.0,17480.0,17480.0,2250.0,2530.0,300.0,500.0,700.0,75.0,12.3,73.0
792,Hobart and William Smith Colleges,NY,2,2688.0,2081.0,500.0,25.0,53.0,1792.0,5.0,19029.0,19029.0,2877.0,2964.0,431.0,600.0,600.0,99.0,12.1,79.0
793,Hofstra University,NY,2,7428.0,5860.0,1349.0,25.0,63.0,6534.0,1350.0,11600.0,11600.0,3620.0,2300.0,650.0,1000.0,1000.0,81.0,13.9,60.0
794,Houghton College,NY,2,949.0,786.0,302.0,30.0,70.0,1210.0,26.0,9990.0,9990.0,1850.0,1700.0,310.0,500.0,1500.0,85.0,15.0,67.0
800,Le Moyne College,NY,2,1470.0,1199.0,425.0,21.0,76.0,1820.0,558.0,11040.0,11040.0,1950.0,2890.0,320.0,400.0,900.0,89.0,13.3,94.0
802,Manhattanville College,NY,2,962.0,750.0,212.0,21.0,54.0,830.0,150.0,14700.0,14700.0,3600.0,2950.0,410.0,450.0,400.0,97.0,11.3,70.0
803,Marist College,NY,2,4731.0,3171.0,830.0,12.0,31.0,3557.0,658.0,10700.0,10700.0,2400.0,3525.0,290.0,550.0,1200.0,74.0,17.6,69.0
813,Nyack College,NY,2,460.0,283.0,160.0,15.0,34.0,508.0,34.0,7950.0,7950.0,1680.0,2130.0,450.0,600.0,1200.0,35.0,11.6,55.0
814,Pace University,NY,2,8256.0,3750.0,1522.0,37.0,70.0,5809.0,4379.0,11100.0,11000.0,1340.0,3420.0,350.0,660.0,1115.0,90.0,13.8,62.0
822,Sarah Lawrence College,NY,2,1380.0,768.0,263.0,57.0,82.0,1000.0,105.0,19300.0,19300.0,4816.0,1878.0,264.0,600.0,700.0,89.0,6.1,83.0
823,Skidmore College,NY,2,4293.0,2728.0,591.0,25.0,62.0,2322.0,263.0,18710.0,18710.0,3170.0,2515.0,215.0,500.0,700.0,87.0,12.7,81.0
824,Siena College,NY,2,2961.0,1932.0,628.0,24.0,68.0,2669.0,616.0,10800.0,10800.0,2120.0,2980.0,310.0,575.0,1090.0,71.0,14.1,100.0
825,St. Bonaventure University,NY,2,1489.0,1313.0,375.0,13.0,45.0,1688.0,131.0,10456.0,10456.0,2312.0,2615.0,395.0,500.0,1050.0,91.0,17.7,78.0
827,St. John Fisher College,NY,2,1368.0,1064.0,354.0,19.0,51.0,1687.0,677.0,10570.0,10570.0,3550.0,2050.0,190.0,400.0,800.0,86.0,14.5,66.0
830,St. Lawrence University,NY,2,2753.0,1820.0,505.0,31.0,56.0,1801.0,45.0,18720.0,18720.0,2960.0,2770.0,420.0,650.0,825.0,90.0,11.5,85.0
832,SUNY at Albany,NY,1,13528.0,9198.0,1843.0,16.0,61.0,10168.0,1231.0,2650.0,6550.0,2950.0,1405.0,295.0,700.0,1560.0,93.0,17.4,74.0
833,SUNY at Binghamton,NY,1,14463.0,6166.0,1757.0,60.0,94.0,8544.0,671.0,2650.0,6550.0,2690.0,1908.0,360.0,700.0,1000.0,83.0,18.0,80.0
835,SUNY College at Brockport,NY,1,7294.0,3564.0,904.0,7.0,34.0,5758.0,1363.0,2650.0,6550.0,2760.0,1700.0,315.0,500.0,705.0,79.0,19.0,49.0
836,SUNY College at Buffalo,NY,1,5318.0,3515.0,1025.0,8.0,29.0,7626.0,2091.0,2650.0,6550.0,2680.0,1360.0,240.0,550.0,1230.0,71.0,18.7,42.0
837,SUNY College at Cortland,NY,1,7888.0,3519.0,1036.0,6.0,40.0,5011.0,346.0,2650.0,6550.0,2680.0,2000.0,316.0,630.0,1274.0,82.0,17.8,53.0
838,SUNY College at Fredonia,NY,1,4877.0,2798.0,814.0,13.0,48.0,4123.0,298.0,2650.0,6550.0,2500.0,1920.0,359.0,620.0,1481.0,82.0,16.3,66.0
839,SUNY College at Geneseo,NY,1,8598.0,4562.0,1143.0,56.0,93.0,5060.0,146.0,2650.0,6550.0,2620.0,1550.0,433.0,600.0,650.0,79.0,19.1,76.0
840,SUNY College at New Paltz,NY,1,8399.0,3609.0,656.0,19.0,53.0,4658.0,1478.0,2650.0,6550.0,1790.0,2450.0,271.0,550.0,1500.0,85.0,15.3,53.0
842,SUNY College at Oswego,NY,1,8000.0,4556.0,1464.0,17.0,70.0,6943.0,869.0,2650.0,6550.0,2830.0,1980.0,311.0,500.0,1500.0,69.0,22.0,63.0
843,SUNY College at Plattsburgh,NY,1,5549.0,3583.0,853.0,9.0,40.0,5004.0,475.0,2650.0,6550.0,2520.0,1656.0,309.0,600.0,1380.0,80.0,17.9,65.0
844,SUNY College at Potsdam,NY,1,3150.0,2289.0,650.0,16.0,51.0,3598.0,234.0,2650.0,6840.0,2750.0,1910.0,240.0,500.0,1000.0,71.0,15.1,59.0
845,Syracuse University,NY,2,10477.0,7260.0,2442.0,28.0,67.0,10142.0,117.0,15150.0,15150.0,3620.0,3250.0,360.0,635.0,960.0,73.0,11.3,67.0
847,Union College,NY,2,3495.0,1712.0,528.0,49.0,84.0,1915.0,123.0,18732.0,18732.0,3297.0,2907.0,190.0,450.0,1024.0,94.0,11.5,88.0
850,University of Rochester,NY,2,8766.0,5498.0,1243.0,56.0,75.0,5071.0,438.0,17840.0,17840.0,3978.0,2604.0,410.0,500.0,882.0,93.0,5.9,80.0
859,SUNY College at Purchase,NY,1,2119.0,1264.0,390.0,5.0,33.0,2478.0,1441.0,2650.0,6550.0,2990.0,1770.0,367.0,1125.0,1362.0,80.0,14.9,46.0
868,Ashland University,OH,2,1454.0,1267.0,424.0,20.0,41.0,1874.0,757.0,11431.0,11431.0,2467.0,2217.0,260.0,600.0,1700.0,43.0,17.4,66.0
869,Baldwin-Wallace College,OH,2,1690.0,1366.0,662.0,30.0,61.0,2718.0,1460.0,10995.0,10995.0,2235.0,2175.0,585.0,1000.0,1000.0,68.0,17.6,85.0
871,Bowling Green State University,OH,1,9251.0,7333.0,3076.0,14.0,45.0,13699.0,1213.0,3070.0,7452.0,1968.0,1384.0,660.0,600.0,1700.0,81.0,21.1,67.0
873,Case Western Reserve University,OH,2,3877.0,3156.0,713.0,71.0,93.0,3051.0,513.0,15700.0,15700.0,2960.0,1770.0,125.0,525.0,1460.0,95.0,2.9,67.0
874,Cedarville College,OH,2,1307.0,1090.0,616.0,25.0,55.0,2196.0,82.0,7344.0,7344.0,2370.0,2040.0,126.0,570.0,1000.0,50.0,15.3,64.0
877,College of Mount St. Joseph,OH,2,798.0,620.0,238.0,14.0,41.0,1165.0,1232.0,9800.0,9800.0,2280.0,2150.0,50.0,400.0,1150.0,46.0,11.1,100.0
878,Franciscan University of Steubenville,OH,2,553.0,452.0,228.0,22.0,49.0,1301.0,242.0,9650.0,9650.0,2200.0,2200.0,260.0,600.0,1000.0,57.0,14.9,83.0
881,Denison University,OH,2,2762.0,2279.0,533.0,32.0,60.0,1835.0,14.0,16900.0,16900.0,2600.0,2120.0,820.0,500.0,600.0,88.0,11.6,81.0
884,Heidelberg College,OH,2,738.0,687.0,241.0,20.0,44.0,964.0,242.0,13780.0,13780.0,2004.0,2406.0,198.0,500.0,500.0,68.0,12.5,65.0
888,Kenyon College,OH,2,2212.0,1538.0,408.0,44.0,75.0,1445.0,1.0,19240.0,19240.0,1640.0,2050.0,610.0,750.0,480.0,95.0,11.1,88.0
890,Malone College,OH,2,874.0,758.0,428.0,21.0,46.0,1605.0,246.0,9858.0,9858.0,2020.0,1680.0,135.0,450.0,1200.0,42.0,17.6,55.0
891,Marietta College,OH,2,1611.0,960.0,342.0,27.0,60.0,1089.0,210.0,13850.0,13850.0,2020.0,1900.0,270.0,470.0,810.0,80.0,13.2,96.0
892,Mount Union College,OH,2,1310.0,1086.0,458.0,26.0,61.0,1365.0,144.0,12250.0,12250.0,1400.0,2130.0,700.0,400.0,1150.0,85.0,16.7,81.0
893,Muskingum College,OH,2,1109.0,922.0,375.0,24.0,46.0,1115.0,70.0,13240.0,13240.0,1634.0,2280.0,386.0,600.0,800.0,73.0,13.4,73.0
895,Oberlin College,OH,2,4778.0,2767.0,678.0,50.0,89.0,2587.0,120.0,19670.0,19670.0,2920.0,2900.0,126.0,575.0,1119.0,77.0,10.1,83.0
897,Ohio University,OH,1,11023.0,8298.0,3183.0,21.0,54.0,14861.0,1310.0,3552.0,7629.0,2013.0,2082.0,357.0,550.0,2300.0,79.0,20.4,64.0
900,Tiffin University,OH,2,845.0,734.0,254.0,5.0,21.0,662.0,351.0,7600.0,7600.0,1800.0,2000.0,125.0,600.0,1200.0,59.0,19.0,39.0
902,University of Cincinnati,OH,1,6855.0,5553.0,2408.0,26.0,57.0,11036.0,2011.0,3234.0,8907.0,2703.0,1994.0,498.0,556.0,1851.0,89.0,10.8,54.0
903,University of Dayton,OH,2,6361.0,5293.0,1507.0,26.0,51.0,5889.0,665.0,11380.0,11380.0,2160.0,2060.0,450.0,500.0,900.0,81.0,14.8,93.0
906,Ursuline College,OH,2,325.0,260.0,86.0,21.0,47.0,699.0,717.0,9600.0,9600.0,2270.0,1932.0,210.0,450.0,750.0,39.0,10.5,68.0
910,Wittenberg University,OH,2,1979.0,1739.0,575.0,42.0,68.0,1980.0,144.0,15948.0,15948.0,2190.0,2214.0,822.0,400.0,800.0,82.0,12.8,78.0
911,Xavier University,OH,2,1959.0,1805.0,695.0,24.0,47.0,2849.0,1107.0,11520.0,11520.0,2600.0,2360.0,10.0,600.0,1250.0,73.0,13.3,83.0
915,Miami University at Oxford,OH,1,9239.0,7788.0,3290.0,35.0,39.0,13606.0,807.0,3740.0,8856.0,1860.0,2100.0,798.0,500.0,1382.0,81.0,17.6,85.0
916,Antioch University,OH,2,713.0,661.0,252.0,25.0,44.0,712.0,23.0,15476.0,15476.0,1538.0,1798.0,1404.0,400.0,1100.0,69.0,11.3,48.0
927,Oklahoma Baptist University,OK,2,758.0,681.0,484.0,35.0,59.0,1707.0,705.0,5390.0,5390.0,1350.0,1790.0,530.0,515.0,1290.0,63.0,15.1,50.0
928,Oklahoma Christian University,OK,2,776.0,765.0,351.0,22.0,44.0,1419.0,228.0,6400.0,6400.0,1650.0,1500.0,280.0,500.0,1900.0,58.0,16.2,45.0
930,University of Sci. and Arts of Oklahoma,OK,1,285.0,280.0,208.0,21.0,43.0,1140.0,473.0,1408.0,3687.0,640.0,1280.0,172.0,600.0,1800.0,67.0,23.6,43.0
931,Oklahoma State University,OK,1,4522.0,3913.0,2181.0,29.0,57.0,12830.0,1658.0,1889.0,5336.0,1758.0,1588.0,40.0,800.0,3100.0,84.0,15.3,48.0
932,Oklahoma Panhandle State University,OK,1,350.0,343.0,251.0,8.0,27.0,1117.0,117.0,1212.0,3274.0,1200.0,600.0,217.0,90.0,1800.0,58.0,18.1,29.0
938,Oral Roberts University,OK,2,1223.0,650.0,632.0,13.0,37.0,2645.0,167.0,7950.0,7950.0,1744.0,2250.0,380.0,480.0,1000.0,51.0,15.5,45.0
942,George Fox College,OR,2,809.0,726.0,294.0,27.0,52.0,1271.0,43.0,12500.0,12500.0,2080.0,2050.0,140.0,400.0,1050.0,53.0,13.5,52.0
944,Linfield College,OR,2,1561.0,1188.0,458.0,48.0,72.0,1548.0,840.0,13380.0,13380.0,1880.0,2330.0,598.0,500.0,900.0,89.0,17.8,81.0
949,Pacific University,OR,2,943.0,849.0,288.0,41.0,71.0,1041.0,35.0,14210.0,14210.0,1764.0,2230.0,225.0,450.0,1100.0,76.0,10.9,42.0
951,Reed College,OR,2,1966.0,1436.0,327.0,47.0,80.0,1199.0,61.0,19960.0,19960.0,2690.0,2800.0,150.0,500.0,450.0,90.0,11.8,68.0
954,University of Portland,OR,2,1758.0,1485.0,419.0,27.0,58.0,2041.0,174.0,12040.0,12040.0,1750.0,2350.0,80.0,600.0,1100.0,92.0,13.2,72.0
957,Albright College,PA,2,1038.0,839.0,227.0,30.0,63.0,973.0,306.0,15595.0,15595.0,2400.0,2000.0,200.0,300.0,500.0,79.0,11.3,80.0
958,Allegheny College,PA,2,2652.0,1900.0,484.0,44.0,77.0,1707.0,44.0,17080.0,17080.0,2280.0,2160.0,260.0,400.0,600.0,73.0,9.9,76.0
962,Bucknell University,PA,2,6548.0,3813.0,862.0,49.0,85.0,3316.0,31.0,18550.0,18550.0,2545.0,2205.0,110.0,800.0,1200.0,95.0,14.2,93.0
964,Carnegie Mellon University,PA,2,8728.0,5201.0,1191.0,60.0,89.0,4265.0,291.0,17900.0,17900.0,3520.0,2170.0,100.0,450.0,1250.0,86.0,9.2,74.0
966,Chatham College,PA,2,212.0,197.0,91.0,28.0,56.0,471.0,148.0,13500.0,13500.0,2615.0,2615.0,150.0,400.0,850.0,95.0,9.3,52.0
968,College Misericordia,PA,2,1432.0,888.0,317.0,29.0,58.0,1121.0,493.0,10860.0,10860.0,3090.0,2670.0,530.0,550.0,900.0,56.0,12.9,96.0
970,Dickinson College,PA,2,3014.0,2539.0,487.0,31.0,68.0,1889.0,62.0,18700.0,18700.0,2600.0,2400.0,125.0,595.0,1250.0,87.0,11.2,87.0
973,Eastern College,PA,2,458.0,369.0,165.0,16.0,42.0,1057.0,355.0,11190.0,11190.0,2260.0,2540.0,30.0,450.0,1230.0,60.0,13.6,54.0
974,Elizabethtown College,PA,2,2417.0,1843.0,426.0,36.0,70.0,1476.0,299.0,14190.0,14190.0,2200.0,2200.0,400.0,500.0,750.0,65.0,12.8,81.0
976,Gannon University,PA,2,2464.0,1908.0,678.0,24.0,57.0,2693.0,691.0,10970.0,10970.0,1940.0,2340.0,50.0,500.0,1380.0,47.0,13.3,65.0
977,Geneva College,PA,2,668.0,534.0,237.0,19.0,39.0,1306.0,258.0,9476.0,9476.0,2800.0,2020.0,44.0,500.0,1100.0,67.0,20.1,74.0
978,Gettysburg College,PA,2,3596.0,2466.0,575.0,42.0,78.0,1944.0,46.0,19964.0,19964.0,2180.0,2148.0,90.0,500.0,500.0,94.0,12.1,83.0
985,Juniata College,PA,2,1005.0,859.0,298.0,36.0,55.0,1075.0,43.0,14850.0,14850.0,2250.0,2210.0,110.0,450.0,420.0,97.0,12.7,80.0
986,King's College,PA,2,1456.0,1053.0,381.0,20.0,45.0,500.0,541.0,10910.0,10910.0,2410.0,2750.0,500.0,400.0,1795.0,66.0,15.6,87.0
987,Lafayette College,PA,2,4010.0,2402.0,572.0,36.0,59.0,2018.0,226.0,18730.0,18730.0,3000.0,2740.0,75.0,600.0,1000.0,93.0,10.5,92.0
988,La Salle University,PA,2,2929.0,1834.0,622.0,20.0,56.0,2738.0,1662.0,12600.0,12600.0,2510.0,3100.0,170.0,450.0,3160.0,90.0,15.1,84.0
990,Lehigh University,PA,2,6397.0,4304.0,1092.0,40.0,84.0,4298.0,132.0,18700.0,18700.0,3160.0,2420.0,250.0,750.0,1130.0,96.0,12.5,91.0
991,Lincoln University,PA,1,1660.0,1091.0,326.0,15.0,41.0,1196.0,33.0,3020.0,4818.0,1750.0,1650.0,375.0,350.0,1400.0,71.0,12.6,45.0
993,Marywood College,PA,2,1107.0,859.0,323.0,13.0,51.0,1452.0,402.0,11040.0,11040.0,2250.0,2250.0,400.0,600.0,700.0,65.0,11.8,66.0
995,Messiah College,PA,2,1742.0,1382.0,607.0,30.0,64.0,2258.0,53.0,10300.0,10300.0,2540.0,2540.0,84.0,475.0,1200.0,68.0,14.1,89.0
996,Moravian College,PA,2,1232.0,955.0,303.0,23.0,58.0,1241.0,485.0,14990.0,14990.0,2130.0,2600.0,180.0,550.0,1250.0,86.0,15.2,74.0
1000,Bloomsburg Univ. of Pennsylvania,PA,1,6773.0,3028.0,1025.0,15.0,55.0,5847.0,946.0,3086.0,7844.0,1650.0,1298.0,608.0,500.0,1680.0,66.0,18.0,75.0
1008,Millersville University of Penn.,PA,1,6011.0,3075.0,960.0,22.0,60.0,5146.0,1532.0,3086.0,7844.0,2200.0,1630.0,834.0,450.0,1258.0,72.0,16.8,71.0
1009,Shippensburg University of Penn.,PA,1,5818.0,3281.0,1116.0,14.0,53.0,5268.0,300.0,3086.0,7844.0,1952.0,1552.0,770.0,450.0,1700.0,80.0,18.8,72.0
1013,Philadelphia Coll. of Textiles and Sci.,PA,2,1538.0,1259.0,468.0,19.0,42.0,1664.0,1042.0,11690.0,11690.0,2596.0,2466.0,40.0,600.0,1664.0,48.0,12.9,68.0
1016,Seton Hill College,PA,2,936.0,794.0,197.0,24.0,56.0,752.0,210.0,11240.0,11240.0,2090.0,2090.0,160.0,350.0,2000.0,71.0,11.2,71.0
1019,Saint Vincent College,PA,2,700.0,595.0,278.0,19.0,35.0,1035.0,182.0,10850.0,10850.0,2110.0,1826.0,60.0,500.0,900.0,62.0,12.3,88.0
1020,Susquehanna University,PA,2,2096.0,1512.0,465.0,27.0,59.0,1442.0,166.0,16130.0,16130.0,2490.0,2220.0,280.0,400.0,800.0,83.0,13.9,90.0
1022,Temple University,PA,1,7987.0,5145.0,2399.0,15.0,37.0,14726.0,4666.0,5314.0,10096.0,3492.0,1790.0,150.0,600.0,3324.0,87.0,11.2,45.0
1023,Thiel College,PA,2,1154.0,951.0,253.0,15.0,31.0,791.0,140.0,11172.0,11172.0,2590.0,2368.0,230.0,700.0,1350.0,68.0,11.6,60.0
1024,University of Pennsylvania,PA,2,12394.0,5232.0,2464.0,85.0,100.0,9205.0,531.0,17020.0,17020.0,3700.0,3570.0,1836.0,500.0,1544.0,95.0,6.3,93.0
1025,University of Pittsburgh-Main Campus,PA,1,8586.0,6383.0,2503.0,25.0,59.0,13138.0,4289.0,4962.0,10786.0,2760.0,1800.0,454.0,400.0,900.0,93.0,7.8,66.0
1026,University of Scranton,PA,2,4471.0,2942.0,910.0,29.0,60.0,3674.0,493.0,11584.0,11584.0,2536.0,3450.0,975.0,650.0,800.0,83.0,14.1,92.0
1028,Villanova University,PA,2,7759.0,5588.0,1477.0,30.0,68.0,6362.0,1292.0,15925.0,15925.0,3170.0,3337.0,445.0,400.0,300.0,89.0,13.4,96.0
1029,Washington and Jefferson College,PA,2,1305.0,1100.0,334.0,42.0,64.0,1098.0,151.0,16260.0,16260.0,2070.0,1935.0,280.0,300.0,500.0,91.0,12.1,86.0
1030,Waynesburg College,PA,2,1190.0,978.0,324.0,12.0,30.0,1280.0,61.0,8840.0,8840.0,1800.0,1820.0,220.0,500.0,1200.0,57.0,16.2,63.0
1031,Westminster College,PA,2,996.0,866.0,377.0,29.0,58.0,1411.0,72.0,12065.0,12065.0,1980.0,1635.0,595.0,430.0,685.0,62.0,12.5,80.0
1032,Wilkes University,PA,2,1631.0,1431.0,434.0,15.0,36.0,1803.0,603.0,11150.0,11150.0,3100.0,2030.0,418.0,550.0,1260.0,78.0,13.3,67.0
1034,York College of Pennsylvania,PA,2,2989.0,1855.0,691.0,28.0,63.0,2988.0,1726.0,4990.0,4990.0,1725.0,1835.0,225.0,500.0,1250.0,75.0,18.1,99.0
1035,Allentown Coll. of St. Francis de Sales,PA,2,1179.0,780.0,290.0,38.0,64.0,1130.0,638.0,9690.0,9690.0,2495.0,2290.0,60.0,600.0,1000.0,60.0,13.3,74.0
1036,La Roche College,PA,2,361.0,321.0,185.0,10.0,41.0,650.0,819.0,8842.0,8842.0,2862.0,1920.0,140.0,600.0,1100.0,57.0,14.2,52.0
1038,Pennsylvania State Univ. Main Campus,PA,1,19315.0,10344.0,3450.0,48.0,93.0,28938.0,2025.0,4966.0,10645.0,1840.0,2220.0,70.0,512.0,2394.0,77.0,18.1,63.0
1040,Brown University,RI,2,12586.0,3239.0,1462.0,87.0,95.0,5643.0,349.0,19528.0,19528.0,3574.0,2352.0,650.0,720.0,1100.0,99.0,7.6,97.0
1042,Providence College,RI,2,5139.0,3346.0,973.0,20.0,55.0,3717.0,1358.0,14400.0,14400.0,3250.0,2950.0,375.0,450.0,1100.0,66.0,18.4,96.0
1046,University of Rhode Island,RI,1,9643.0,7751.0,1968.0,12.0,40.0,8894.0,2456.0,3004.0,10330.0,3168.0,2390.0,1238.0,500.0,1250.0,84.0,16.6,63.0
1047,Roger Williams University,RI,2,3304.0,2804.0,679.0,10.0,20.0,2111.0,1489.0,12520.0,12520.0,3060.0,2990.0,480.0,500.0,730.0,44.0,16.4,61.0
1050,Central Wesleyan College,SC,2,174.0,146.0,88.0,8.0,29.0,1047.0,33.0,8300.0,8300.0,1000.0,2080.0,200.0,600.0,600.0,62.0,15.2,58.0
1051,The Citadel,SC,1,1500.0,1242.0,611.0,12.0,36.0,2024.0,292.0,3076.0,7070.0,830.0,1609.0,264.0,400.0,779.0,95.0,17.1,84.0
1052,Claflin College,SC,2,1196.0,697.0,499.0,21.0,47.0,959.0,13.0,4412.0,4412.0,1000.0,1460.0,600.0,500.0,1000.0,69.0,16.9,21.0
1054,Coker College,SC,2,604.0,452.0,295.0,15.0,47.0,690.0,222.0,9888.0,9888.0,1846.0,2670.0,185.0,400.0,1000.0,64.0,12.1,75.0
1058,Erskine College,SC,2,659.0,557.0,167.0,47.0,74.0,532.0,35.0,10485.0,10485.0,1760.0,2080.0,660.0,475.0,1246.0,76.0,13.5,67.0
1059,Furman University,SC,2,2161.0,1951.0,685.0,56.0,82.0,2371.0,175.0,13440.0,13440.0,2096.0,1952.0,134.0,600.0,1250.0,92.0,13.5,82.0
1060,Lander University,SC,1,1166.0,1009.0,510.0,9.0,33.0,2074.0,341.0,3340.0,4938.0,1867.0,1120.0,50.0,528.0,1702.0,67.0,17.0,51.0
1063,Newberry College,SC,2,872.0,722.0,154.0,14.0,36.0,601.0,36.0,10194.0,10194.0,1600.0,1000.0,300.0,500.0,1500.0,57.0,11.4,83.0
1064,Presbyterian College,SC,2,1082.0,832.0,302.0,34.0,63.0,1133.0,30.0,11859.0,11859.0,1711.0,1924.0,892.0,554.0,1429.0,80.0,13.4,85.0
1074,Augustana College,SD,2,761.0,725.0,306.0,21.0,58.0,1337.0,300.0,10990.0,10990.0,1622.0,1622.0,125.0,600.0,1021.0,66.0,10.4,69.0
1078,Huron University,SD,2,600.0,197.0,124.0,3.0,9.0,392.0,69.0,7260.0,7260.0,1910.0,1180.0,330.0,600.0,1840.0,31.0,12.9,21.0
1080,Northern State University,SD,1,2056.0,2054.0,2054.0,10.0,40.0,2239.0,686.0,1411.0,3437.0,1128.0,1074.0,832.0,550.0,1925.0,68.0,20.2,54.0
1083,South Dakota State University,SD,1,2807.0,2589.0,1701.0,13.0,37.0,7000.0,1103.0,1454.0,3811.0,1120.0,1070.0,1024.0,500.0,1970.0,62.0,15.0,67.0
1086,Belmont University,TN,2,1220.0,974.0,481.0,28.0,67.0,1964.0,623.0,7800.0,7800.0,1974.0,1690.0,250.0,650.0,900.0,61.0,11.1,49.0
1088,Carson-Newman College,TN,2,1096.0,951.0,464.0,27.0,62.0,1776.0,239.0,8150.0,8150.0,1260.0,1890.0,450.0,400.0,500.0,61.0,13.6,67.0
1089,Christian Brothers University,TN,2,880.0,520.0,224.0,16.0,42.0,1068.0,364.0,9300.0,9300.0,1350.0,1910.0,120.0,600.0,900.0,81.0,11.1,63.0
1094,Freed-Hardeman University,TN,2,895.0,548.0,314.0,20.0,54.0,1174.0,50.0,5500.0,5500.0,1590.0,1750.0,770.0,600.0,1600.0,68.0,16.1,62.0
1095,King College,TN,2,355.0,300.0,142.0,34.0,65.0,509.0,44.0,8664.0,8664.0,1630.0,1720.0,700.0,600.0,3000.0,65.0,10.7,65.0
1097,Lambuth University,TN,2,831.0,538.0,224.0,15.0,35.0,840.0,325.0,5170.0,5170.0,1400.0,2030.0,210.0,600.0,1590.0,61.0,16.1,60.0
1100,Lincoln Memorial University,TN,2,787.0,562.0,363.0,21.0,55.0,925.0,605.0,5950.0,5950.0,1200.0,1690.0,120.0,600.0,1300.0,67.0,14.6,53.0
1101,Maryville College,TN,2,1464.0,888.0,176.0,26.0,52.0,624.0,128.0,11200.0,11200.0,1998.0,2210.0,150.0,500.0,1642.0,80.0,11.1,51.0
1104,Milligan College,TN,2,610.0,461.0,189.0,26.0,52.0,685.0,49.0,8200.0,8200.0,1600.0,1700.0,200.0,550.0,1000.0,63.0,12.0,64.0
1106,Rhodes College,TN,2,2302.0,1831.0,391.0,58.0,82.0,1345.0,59.0,15200.0,15200.0,2696.0,2072.0,158.0,550.0,1500.0,90.0,10.8,77.0
1109,Tennessee Wesleyan College,TN,2,232.0,182.0,99.0,7.0,29.0,402.0,237.0,7070.0,7070.0,2140.0,1500.0,150.0,400.0,3158.0,59.0,8.9,36.0
1110,Trevecca Nazarene College,TN,2,272.0,272.0,145.0,13.0,50.0,770.0,213.0,4750.0,4750.0,1870.0,1400.0,320.0,500.0,800.0,57.0,14.0,49.0
1114,University of Tennessee at Knoxville,TN,1,7473.0,5372.0,3013.0,27.0,53.0,15749.0,3237.0,1830.0,5764.0,1584.0,1678.0,222.0,750.0,3300.0,86.0,16.5,53.0
1116,University of the South,TN,2,1445.0,966.0,326.0,46.0,83.0,1129.0,24.0,15350.0,15350.0,2010.0,2070.0,175.0,450.0,810.0,89.0,10.3,82.0
1117,Vanderbilt University,TN,2,7791.0,4690.0,1499.0,71.0,92.0,5500.0,90.0,17865.0,17865.0,4132.0,2393.0,964.0,630.0,952.0,93.0,5.8,83.0
1120,Angelo State University,TX,1,3540.0,2001.0,1016.0,24.0,54.0,4190.0,1512.0,840.0,5130.0,1324.0,2268.0,734.0,500.0,2000.0,60.0,23.1,34.0
1124,East Texas Baptist University,TX,2,379.0,341.0,265.0,10.0,36.0,1050.0,151.0,4950.0,4950.0,1040.0,1740.0,470.0,530.0,1500.0,62.0,15.7,38.0
1126,Hardin-Simmons University,TX,2,467.0,424.0,350.0,16.0,40.0,1365.0,334.0,6300.0,6300.0,1360.0,1620.0,480.0,700.0,2140.0,75.0,13.7,38.0
1130,Incarnate Word College,TX,2,1163.0,927.0,386.0,16.0,49.0,1685.0,556.0,8840.0,8840.0,2049.0,2640.0,110.0,750.0,2775.0,67.0,11.4,95.0
1131,Lamar University,TX,1,2336.0,1725.0,1043.0,10.0,27.0,5438.0,4058.0,864.0,4752.0,1386.0,1654.0,840.0,508.0,1463.0,48.0,18.4,26.0
1137,University of North Texas,TX,1,4418.0,2737.0,2049.0,23.0,51.0,14047.0,5134.0,672.0,4104.0,1840.0,1739.0,650.0,450.0,1700.0,86.0,22.6,35.0
1138,Our Lady of the Lake University,TX,2,2308.0,1336.0,295.0,22.0,46.0,1202.0,942.0,8530.0,8530.0,2020.0,1624.0,134.0,616.0,1576.0,56.0,14.9,37.0
1142,Schreiner College,TX,2,584.0,413.0,131.0,19.0,51.0,521.0,99.0,8955.0,8955.0,2810.0,3090.0,40.0,500.0,1488.0,51.0,11.8,52.0
1145,Southwestern Adventist College,TX,2,321.0,318.0,172.0,11.0,27.0,620.0,280.0,7536.0,7536.0,1494.0,2242.0,80.0,430.0,1651.0,44.0,13.0,36.0
1151,Prairie View A. and M. University,TX,1,2405.0,2234.0,1061.0,10.0,22.0,4564.0,448.0,840.0,4290.0,1580.0,1920.0,820.0,598.0,1582.0,55.0,19.4,35.0
1153,Texas Christian University,TX,2,4095.0,3079.0,1195.0,33.0,64.0,5064.0,660.0,8490.0,8490.0,1920.0,1400.0,990.0,650.0,2400.0,81.0,14.8,64.0
1155,Texas College,TX,2,254.0,189.0,189.0,15.0,26.0,503.0,40.0,3605.0,3605.0,1580.0,850.0,455.0,300.0,300.0,37.0,18.4,26.0
1157,Texas Lutheran College,TX,2,497.0,423.0,215.0,27.0,57.0,895.0,429.0,7850.0,7850.0,1490.0,1920.0,50.0,490.0,1700.0,54.0,13.8,50.0
1162,Trinity University,TX,2,2425.0,1818.0,601.0,62.0,93.0,2110.0,95.0,12240.0,12240.0,3225.0,1925.0,140.0,500.0,490.0,94.0,9.6,93.0
1163,University of Dallas,TX,2,681.0,588.0,246.0,44.0,74.0,1058.0,73.0,10760.0,10760.0,4030.0,2200.0,50.0,500.0,1200.0,85.0,13.4,63.0
1165,University of St. Thomas,TX,2,374.0,280.0,185.0,45.0,77.0,995.0,408.0,8550.0,8550.0,2000.0,1670.0,96.0,500.0,1344.0,75.0,12.6,62.0
1167,University of Texas at Austin,TX,1,14752.0,9572.0,5329.0,48.0,85.0,30017.0,5189.0,840.0,5130.0,1733.0,1576.0,1068.0,650.0,3140.0,91.0,19.7,65.0
1171,Baylor University,TX,2,6075.0,5349.0,2367.0,34.0,66.0,9919.0,484.0,6450.0,6450.0,2230.0,1690.0,570.0,600.0,1346.0,71.0,18.5,72.0
1175,Texas A&M University at Galveston,TX,1,529.0,481.0,243.0,22.0,47.0,1206.0,134.0,780.0,4860.0,1560.0,1562.0,320.0,600.0,650.0,103.0,17.4,43.0
1176,Texas A&M Univ. at College Station,TX,1,14474.0,10519.0,6392.0,49.0,85.0,31643.0,2798.0,840.0,5130.0,1772.0,1640.0,751.0,600.0,2144.0,89.0,23.1,69.0
1180,University of Utah,UT,1,5095.0,4491.0,2400.0,27.0,53.0,13894.0,8374.0,1954.0,6857.0,1550.0,2425.0,427.0,858.0,3093.0,89.0,12.8,37.0
1184,Westminster College of Salt Lake City,UT,2,917.0,720.0,213.0,21.0,60.0,979.0,743.0,8820.0,8820.0,1340.0,2710.0,60.0,600.0,2025.0,68.0,10.5,50.0
1187,Bridgewater College,VA,2,838.0,673.0,292.0,22.0,53.0,881.0,55.0,10265.0,10265.0,2215.0,2510.0,1000.0,560.0,875.0,68.0,13.2,82.0
1188,College of William and Mary,VA,1,7117.0,3106.0,1217.0,68.0,88.0,5186.0,134.0,2808.0,11720.0,2318.0,1980.0,1748.0,600.0,800.0,89.0,12.1,93.0
1191,Emory & Henry College,VA,2,765.0,646.0,226.0,30.0,60.0,809.0,32.0,8578.0,8578.0,1920.0,2488.0,622.0,700.0,1600.0,79.0,13.9,82.0
1193,Hampden - Sydney College,VA,2,817.0,644.0,307.0,20.0,40.0,945.0,1.0,13218.0,13218.0,1903.0,2870.0,415.0,660.0,600.0,95.0,13.3,69.0
1194,Hampton University,VA,2,7178.0,3755.0,1433.0,25.0,63.0,4623.0,740.0,7161.0,7161.0,1838.0,1680.0,603.0,600.0,2000.0,60.0,14.0,70.0
1195,Hollins College,VA,2,602.0,498.0,215.0,26.0,58.0,795.0,74.0,13470.0,13470.0,3225.0,2290.0,234.0,500.0,850.0,78.0,11.1,72.0
1197,Lynchburg College,VA,2,1756.0,1500.0,366.0,3.0,21.0,1524.0,280.0,12450.0,12450.0,2900.0,2500.0,100.0,450.0,870.0,62.0,12.4,70.0
1203,Randolph-Macon College,VA,2,1771.0,1325.0,306.0,21.0,46.0,1071.0,27.0,13840.0,13840.0,1850.0,1885.0,325.0,400.0,900.0,77.0,10.7,74.0
1205,Virginia Commonwealth University,VA,1,4963.0,3497.0,1567.0,18.0,45.0,10262.0,5065.0,3034.0,10217.0,1620.0,2562.0,880.0,500.0,3630.0,81.0,8.7,45.0
1211,Mary Washington College,VA,1,4350.0,2178.0,756.0,39.0,78.0,2997.0,736.0,2026.0,6490.0,2712.0,2230.0,1180.0,650.0,2102.0,75.0,17.6,84.0
1213,George Mason University,VA,1,5653.0,4326.0,1727.0,17.0,29.0,9528.0,3822.0,4044.0,10800.0,3150.0,1690.0,25.0,580.0,1050.0,93.0,19.3,46.0
1217,Virginia State University,VA,1,2996.0,2440.0,704.0,2.0,30.0,3006.0,338.0,1894.0,5587.0,2750.0,2095.0,1305.0,500.0,600.0,61.0,16.0,31.0
1220,Virginia Wesleyan College,VA,2,1470.0,900.0,287.0,20.0,49.0,1130.0,417.0,10900.0,10900.0,2800.0,2300.0,150.0,500.0,550.0,70.0,15.7,68.0
1221,Washington and Lee University,VA,2,3315.0,1096.0,425.0,68.0,93.0,1584.0,3.0,13750.0,13750.0,2019.0,2600.0,355.0,680.0,1115.0,81.0,9.6,90.0
1222,University of Virginia,VA,1,15849.0,5384.0,2678.0,74.0,95.0,11278.0,114.0,3724.0,12212.0,1816.0,1976.0,756.0,500.0,1000.0,90.0,9.5,95.0
1226,Castleton State College,VT,1,1257.0,940.0,363.0,9.0,22.0,1547.0,294.0,3660.0,7656.0,2598.0,2092.0,570.0,400.0,700.0,89.0,14.7,79.0
1230,Johnson State College,VT,1,833.0,669.0,279.0,3.0,13.0,1224.0,345.0,3312.0,7656.0,2598.0,2092.0,585.0,500.0,624.0,80.0,14.4,36.0
1231,Lyndon State College,VT,1,535.0,502.0,223.0,6.0,20.0,959.0,150.0,3168.0,7320.0,2092.0,2548.0,826.0,500.0,600.0,48.0,12.6,51.0
1235,Southern Vermont College,VT,2,520.0,204.0,108.0,11.0,27.0,418.0,279.0,8940.0,8940.0,2324.0,2190.0,480.0,500.0,1150.0,28.0,13.4,57.0
1236,Saint Michael's College,VT,2,1910.0,1380.0,463.0,16.0,64.0,1715.0,106.0,13030.0,13030.0,2310.0,3550.0,135.0,500.0,750.0,79.0,14.5,84.0
1237,Trinity College,VT,2,222.0,185.0,91.0,16.0,41.0,484.0,541.0,11010.0,11010.0,3084.0,2124.0,260.0,550.0,500.0,58.0,10.4,78.0
1238,University of Vermont,VT,1,7663.0,6008.0,1735.0,18.0,51.0,7353.0,1674.0,6210.0,15516.0,3148.0,1780.0,442.0,500.0,990.0,87.0,9.9,79.0
1245,Seattle University,WA,2,2115.0,1540.0,494.0,28.0,72.0,2993.0,347.0,12825.0,12825.0,1150.0,3225.0,100.0,500.0,1500.0,85.0,12.2,89.0
1252,Whitman College,WA,2,1861.0,998.0,359.0,45.0,77.0,1220.0,46.0,16670.0,16670.0,2650.0,2250.0,155.0,750.0,800.0,80.0,10.5,72.0
1256,Beloit College,WI,2,1320.0,923.0,284.0,26.0,54.0,1085.0,81.0,16304.0,16304.0,1748.0,1868.0,170.0,355.0,715.0,87.0,11.1,69.0
1257,Carroll College,WI,2,1160.0,991.0,352.0,19.0,55.0,1357.0,737.0,12200.0,12200.0,1990.0,1890.0,110.0,480.0,930.0,74.0,17.8,79.0
1261,Lawrence University,WI,2,1243.0,947.0,324.0,50.0,77.0,1129.0,74.0,17163.0,17163.0,1812.0,2079.0,290.0,525.0,975.0,76.0,10.1,77.0
1267,Ripon College,WI,2,587.0,501.0,211.0,28.0,52.0,735.0,28.0,15200.0,15200.0,1840.0,2260.0,190.0,350.0,650.0,87.0,9.4,64.0
1268,St. Norbert College,WI,2,1334.0,1243.0,568.0,30.0,56.0,1946.0,95.0,12140.0,12140.0,2355.0,2095.0,75.0,425.0,1100.0,74.0,15.1,88.0
1272,Viterbo College,WI,2,647.0,518.0,271.0,17.0,43.0,1014.0,387.0,9140.0,9140.0,1590.0,1815.0,70.0,500.0,2245.0,51.0,10.7,73.0
1273,University of Wisconsin-Stout,WI,1,2593.0,1966.0,1030.0,9.0,32.0,6038.0,579.0,1916.0,6704.0,1404.0,1188.0,400.0,376.0,1750.0,78.0,21.0,65.0
1274,Univ. of Wisconsin at Eau Claire,WI,1,5729.0,4520.0,1957.0,20.0,52.0,8516.0,1264.0,2208.0,6996.0,1565.0,1140.0,1070.0,279.0,1260.0,80.0,19.3,61.0
1283,Wisconsin Lutheran College,WI,2,152.0,128.0,75.0,17.0,41.0,282.0,22.0,9100.0,9100.0,1800.0,1900.0,90.0,500.0,1400.0,48.0,8.5,50.0
1284,Alderson-Broaddus College,WV,2,582.0,498.0,172.0,21.0,44.0,799.0,78.0,10468.0,10468.0,1574.0,1806.0,92.0,660.0,1800.0,40.0,11.5,52.0
1291,Marshall University,WV,2,4226.0,3666.0,2007.0,14.0,60.0,7703.0,2339.0,1660.0,5094.0,2030.0,1980.0,330.0,700.0,1560.0,77.0,16.6,50.0
1301,University of Wyoming,WY,1,2029.0,1516.0,1073.0,23.0,46.0,7535.0,1488.0,1908.0,5988.0,1462.0,1960.0,300.0,600.0,1500.0,91.0,15.1,45.0
